24876;24155;23474;22831;22222;21645;21097;20576;20080;19608;19157;18727;18315;17921;17544;17182;16835;16502;16181;15873;15576;15291;15015;14749;14493;14245;14006;13774;13550;13333;13123;12920;12723;12531;12346;12165;11990;11820;11655;11494;11338;11186;11038;10893;10753;10616;10482;10352;10225;10101;9980;9862;9747;9634;9524;9416;9311;9208;9107
0.01913;0.04487;0.03366;0.01140;-0.01883;-0.03092;-0.02330;0.00725;0.07648;0.15980;0.23453;0.29454;0.34088;0.37042;0.38679;0.40309;0.39533;0.38641;0.37972;0.37629;0.37055;0.36263;0.34766;0.33247;0.31602;0.29825;0.28358;0.27347;0.26612;0.25941;0.25166;0.24407;0.23827;0.23319;0.22856;0.22384;0.21822;0.21152;0.20453;0.19764;0.19272;0.18988;0.18809;0.18575;0.18223;0.17702;0.17375;0.17410;0.17650;0.17704;0.17330;0.16542;0.16008;0.15465;0.14892;0.15225;0.15373;0.15120;0.16806
-0.07041;0.02290;0.01838;-0.01269;-0.03237;-0.04188;-0.03287;0.00713;0.08380;0.16984;0.24559;0.30630;0.35159;0.37943;0.39458;0.40985;0.40036;0.39032;0.38315;0.37868;0.37200;0.36350;0.34753;0.33154;0.31498;0.29659;0.28127;0.27048;0.26229;0.25467;0.24622;0.23766;0.23101;0.22517;0.21956;0.21382;0.20727;0.19972;0.19182;0.18458;0.17868;0.17481;0.17261;0.16959;0.16508;0.15978;0.15510;0.15540;0.15832;0.15844;0.15342;0.14747;0.13973;0.13293;0.12852;0.12541;0.12296;0.12768;0.13627
-0.07198;0.02444;0.01439;-0.00651;-0.02786;-0.03964;-0.03571;0.00719;0.08379;0.17021;0.24513;0.30527;0.34998;0.37724;0.39210;0.40704;0.39700;0.38664;0.37864;0.37347;0.36686;0.35854;0.34247;0.32651;0.30959;0.29078;0.27516;0.26404;0.25570;0.24793;0.23911;0.23043;0.22353;0.21751;0.21176;0.20601;0.19945;0.19182;0.18400;0.17643;0.17089;0.16754;0.16586;0.16314;0.15902;0.15434;0.15101;0.15258;0.15605;0.15606;0.15148;0.14475;0.13850;0.13168;0.12522;0.12366;0.12610;0.12610;0.13400
-0.00262;0.06520;0.04630;0.00879;-0.00598;-0.01425;-0.01910;0.01840;0.09328;0.17106;0.24292;0.30403;0.34874;0.37557;0.39252;0.40887;0.39881;0.38985;0.38321;0.37887;0.37306;0.36579;0.35052;0.33510;0.31892;0.30096;0.28588;0.27548;0.26783;0.26028;0.25185;0.24375;0.23698;0.23104;0.22571;0.21982;0.21294;0.20575;0.19738;0.18969;0.18441;0.18029;0.17770;0.17531;0.17060;0.16450;0.16128;0.16027;0.16288;0.16424;0.15873;0.15308;0.15036;0.13880;0.13919;0.13929;0.12785;0.14853;0.15264
-0.07359;0.02789;0.00694;-0.01351;-0.03064;-0.04559;-0.03937;0.00123;0.07091;0.15231;0.22440;0.28262;0.32652;0.35433;0.37015;0.38624;0.37821;0.37005;0.36422;0.36122;0.35620;0.34910;0.33431;0.31952;0.30370;0.28606;0.27184;0.26199;0.25487;0.24835;0.24086;0.23329;0.22759;0.22278;0.21804;0.21311;0.20744;0.20046;0.19304;0.18643;0.18099;0.17730;0.17557;0.17240;0.16809;0.16338;0.15835;0.15799;0.16119;0.16006;0.15538;0.14980;0.14107;0.13703;0.13242;0.12559;0.13054;0.13157;0.13823
-0.09242;0.02191;0.00674;-0.01647;-0.03189;-0.04646;-0.04112;0.00170;0.07479;0.15688;0.23103;0.29075;0.33550;0.36403;0.38020;0.39651;0.38858;0.38028;0.37401;0.37090;0.36599;0.35851;0.34323;0.32851;0.31227;0.29432;0.27995;0.26977;0.26197;0.25520;0.24723;0.23902;0.23294;0.22761;0.22225;0.21701;0.21083;0.20334;0.19577;0.18883;0.18304;0.17951;0.17765;0.17426;0.16995;0.16533;0.15989;0.16029;0.16411;0.16329;0.16022;0.15387;0.14414;0.14167;0.13547;0.13047;0.14214;0.12713;0.14047
-0.07739;0.02014;0.00872;-0.01284;-0.03712;-0.04980;-0.03869;-0.00063;0.07642;0.16370;0.23996;0.30199;0.34800;0.37648;0.39272;0.40792;0.39909;0.39014;0.38315;0.37909;0.37337;0.36551;0.35034;0.33489;0.31845;0.30042;0.28546;0.27495;0.26727;0.26007;0.25174;0.24366;0.23718;0.23134;0.22613;0.22055;0.21388;0.20664;0.19865;0.19126;0.18592;0.18190;0.17943;0.17700;0.17209;0.16671;0.16247;0.16203;0.16504;0.16597;0.16111;0.15460;0.14812;0.14080;0.13569;0.13522;0.13495;0.13380;0.14698
-0.05079;0.01631;0.02583;-0.00075;-0.03037;-0.03645;-0.03135;0.00634;0.08055;0.16751;0.24208;0.30269;0.34814;0.37540;0.39070;0.40567;0.39650;0.38685;0.37982;0.37539;0.36919;0.36124;0.34568;0.32949;0.31299;0.29477;0.27934;0.26876;0.26082;0.25339;0.24499;0.23672;0.23005;0.22408;0.21875;0.21298;0.20625;0.19884;0.19083;0.18308;0.17801;0.17426;0.17194;0.16982;0.16511;0.15895;0.15575;0.15639;0.15931;0.16135;0.15589;0.14849;0.14522;0.13558;0.12974;0.13638;0.12089;0.13406;0.14470
-0.11330;0.04786;0.01994;-0.02156;-0.02268;-0.03432;-0.03773;0.00554;0.08306;0.16546;0.24219;0.30453;0.35032;0.37892;0.39598;0.41232;0.40319;0.39413;0.38734;0.38301;0.37701;0.36917;0.35328;0.33739;0.32074;0.30192;0.28666;0.27622;0.26823;0.26079;0.25270;0.24436;0.23785;0.23230;0.22706;0.22134;0.21494;0.20759;0.19944;0.19247;0.18683;0.18284;0.18108;0.17854;0.17347;0.16847;0.16385;0.16328;0.16804;0.16822;0.16320;0.15811;0.15110;0.14212;0.14217;0.13530;0.12887;0.15148;0.13604
-0.08030;0.01853;0.01124;-0.01834;-0.03927;-0.05105;-0.04485;-0.00600;0.06805;0.15289;0.22869;0.28914;0.33425;0.36224;0.37837;0.39373;0.38479;0.37522;0.36790;0.36348;0.35708;0.34887;0.33315;0.31693;0.29964;0.28065;0.26496;0.25382;0.24552;0.23787;0.22926;0.22078;0.21416;0.20835;0.20295;0.19747;0.19111;0.18386;0.17601;0.16892;0.16368;0.16043;0.15885;0.15654;0.15256;0.14760;0.14439;0.14600;0.14972;0.15005;0.14617;0.13998;0.13361;0.12494;0.12129;0.11694;0.12114;0.12459;0.12907
0.03127;0.06520;0.04153;0.01605;-0.00779;-0.02601;-0.01936;0.01607;0.08253;0.16381;0.23715;0.29717;0.34280;0.37139;0.38796;0.40424;0.39529;0.38675;0.38014;0.37654;0.37090;0.36317;0.34765;0.33252;0.31602;0.29781;0.28292;0.27229;0.26434;0.25703;0.24837;0.23989;0.23320;0.22695;0.22134;0.21533;0.20855;0.20071;0.19246;0.18480;0.17898;0.17555;0.17333;0.17076;0.16625;0.16067;0.15610;0.15755;0.16191;0.16238;0.15928;0.15233;0.14555;0.13924;0.13575;0.13181;0.13848;0.13664;0.14691
-0.01360;0.05618;0.04905;0.00163;-0.01056;-0.02040;-0.02464;0.01099;0.08148;0.15977;0.23198;0.29229;0.33761;0.36515;0.38164;0.39808;0.38895;0.37996;0.37366;0.36966;0.36384;0.35636;0.34089;0.32522;0.30908;0.29078;0.27560;0.26510;0.25720;0.24953;0.24108;0.23265;0.22565;0.21946;0.21376;0.20759;0.20041;0.19283;0.18405;0.17600;0.17042;0.16647;0.16416;0.16174;0.15713;0.15083;0.14722;0.14836;0.15180;0.15436;0.14811;0.14297;0.13783;0.12844;0.12741;0.12690;0.12384;0.14214;0.13917
-0.02422;0.01677;0.00864;-0.00178;-0.02948;-0.04671;-0.03212;0.00844;0.07848;0.16753;0.24435;0.30299;0.34868;0.37753;0.39200;0.40699;0.39808;0.38794;0.37972;0.37532;0.36886;0.35993;0.34391;0.32834;0.31090;0.29220;0.27687;0.26551;0.25688;0.24923;0.24033;0.23139;0.22486;0.21887;0.21311;0.20774;0.20143;0.19385;0.18625;0.17930;0.17354;0.17072;0.16920;0.16588;0.16265;0.15835;0.15406;0.15641;0.16010;0.15862;0.15668;0.14993;0.13848;0.13883;0.12812;0.12117;0.14027;0.11856;0.14027
0.00217;0.05689;0.03565;0.00659;-0.00914;-0.02457;-0.02674;0.01007;0.07610;0.15372;0.22673;0.28600;0.33133;0.35931;0.37593;0.39178;0.38328;0.37455;0.36809;0.36413;0.35854;0.35084;0.33502;0.31932;0.30231;0.28372;0.26846;0.25797;0.25002;0.24288;0.23474;0.22648;0.22021;0.21474;0.20955;0.20416;0.19798;0.19069;0.18297;0.17600;0.17063;0.16750;0.16601;0.16349;0.15932;0.15425;0.15023;0.15107;0.15549;0.15566;0.15251;0.14730;0.13895;0.13476;0.13206;0.12943;0.12849;0.13886;0.14012
-0.05165;0.03949;0.01968;-0.00923;-0.01951;-0.03905;-0.03127;0.01193;0.08396;0.16662;0.24188;0.30415;0.34993;0.37859;0.39515;0.41030;0.40122;0.39221;0.38472;0.38042;0.37460;0.36633;0.35022;0.33472;0.31794;0.29938;0.28445;0.27379;0.26552;0.25827;0.24991;0.24138;0.23486;0.22918;0.22369;0.21795;0.21171;0.20393;0.19603;0.18924;0.18331;0.17990;0.17857;0.17552;0.17088;0.16664;0.16137;0.16257;0.16764;0.16699;0.16298;0.15763;0.14816;0.14366;0.13881;0.13124;0.14493;0.13998;0.13610
-0.01846;0.06119;0.03812;-0.00496;-0.01569;-0.02461;-0.03223;0.00054;0.07117;0.14742;0.21922;0.28065;0.32590;0.35313;0.37093;0.38749;0.37867;0.37059;0.36508;0.36104;0.35579;0.34926;0.33450;0.31959;0.30432;0.28684;0.27219;0.26246;0.25535;0.24833;0.24061;0.23313;0.22695;0.22167;0.21693;0.21168;0.20559;0.19888;0.19105;0.18374;0.17901;0.17490;0.17216;0.17009;0.16557;0.16002;0.15639;0.15481;0.15683;0.15815;0.15167;0.14646;0.14295;0.13247;0.13259;0.13302;0.12041;0.14558;0.13665
-0.05153;0.00179;0.01449;-0.01387;-0.03757;-0.04894;-0.04264;-0.00536;0.06873;0.15337;0.22754;0.28917;0.33619;0.36564;0.38229;0.39853;0.39009;0.38109;0.37443;0.37061;0.36471;0.35713;0.34199;0.32662;0.31032;0.29231;0.27752;0.26710;0.25960;0.25250;0.24441;0.23659;0.23047;0.22510;0.22028;0.21519;0.20903;0.20224;0.19490;0.18788;0.18289;0.17950;0.17753;0.17525;0.17159;0.16623;0.16303;0.16354;0.16547;0.16637;0.16209;0.15528;0.15018;0.14298;0.13607;0.13872;0.12840;0.13621;0.14807
-0.11871;-0.01215;-0.00943;-0.03851;-0.05454;-0.06081;-0.06289;-0.02674;0.04289;0.11766;0.18635;0.24475;0.28900;0.31705;0.33401;0.35097;0.34375;0.33654;0.33167;0.32879;0.32434;0.31871;0.30521;0.29104;0.27632;0.25946;0.24554;0.23630;0.22960;0.22336;0.21612;0.20889;0.20326;0.19833;0.19383;0.18886;0.18278;0.17608;0.16846;0.16123;0.15611;0.15243;0.14972;0.14718;0.14284;0.13746;0.13307;0.13226;0.13377;0.13471;0.12876;0.12273;0.11874;0.11008;0.10687;0.10517;0.09588;0.11465;0.11405
-0.05129;0.03411;0.01387;-0.02059;-0.03126;-0.04418;-0.05123;-0.01498;0.05213;0.12507;0.19548;0.25483;0.29979;0.32830;0.34636;0.36318;0.35536;0.34754;0.34207;0.33880;0.33392;0.32779;0.31356;0.29886;0.28327;0.26537;0.25075;0.24086;0.23362;0.22670;0.21910;0.21138;0.20532;0.20020;0.19534;0.19013;0.18414;0.17715;0.16927;0.16232;0.15687;0.15315;0.15120;0.14842;0.14409;0.13969;0.13583;0.13570;0.13850;0.13804;0.13285;0.12906;0.12298;0.11418;0.11726;0.11208;0.11199;0.12992;0.12618
-0.12873;-0.01504;-0.01342;-0.04352;-0.06217;-0.06551;-0.06865;-0.03337;0.04311;0.12352;0.19525;0.25588;0.30123;0.32896;0.34637;0.36320;0.35521;0.34733;0.34231;0.33902;0.33450;0.32907;0.31537;0.30106;0.28655;0.26978;0.25585;0.24677;0.24021;0.23407;0.22699;0.22016;0.21471;0.20997;0.20590;0.20115;0.19541;0.18916;0.18200;0.17508;0.17036;0.16663;0.16370;0.16167;0.15750;0.15174;0.14853;0.14624;0.14685;0.14817;0.14221;0.13508;0.13287;0.12140;0.12082;0.12213;0.10678;0.12622;0.12694
-0.00590;0.01735;0.00471;-0.00935;-0.04128;-0.05777;-0.05381;-0.02452;0.04017;0.12138;0.19462;0.25397;0.30009;0.32952;0.34743;0.36463;0.35764;0.35049;0.34511;0.34256;0.33857;0.33292;0.31939;0.30581;0.29049;0.27356;0.25999;0.25077;0.24416;0.23836;0.23136;0.22426;0.21909;0.21449;0.21018;0.20560;0.20002;0.19315;0.18594;0.17929;0.17359;0.16998;0.16764;0.16426;0.16041;0.15577;0.15022;0.14920;0.15051;0.14930;0.14599;0.14064;0.13299;0.13041;0.12621;0.12510;0.13340;0.12355;0.14209
-0.09443;0.02206;0.02165;-0.01547;-0.03331;-0.03836;-0.04070;-0.00165;0.08051;0.16777;0.24505;0.30902;0.35681;0.38577;0.40313;0.42053;0.41112;0.40128;0.39496;0.39051;0.38469;0.37740;0.36184;0.34590;0.32964;0.31122;0.29592;0.28559;0.27791;0.27045;0.26213;0.25398;0.24737;0.24150;0.23616;0.23036;0.22343;0.21590;0.20770;0.19974;0.19399;0.19002;0.18703;0.18416;0.17939;0.17311;0.16895;0.16912;0.17111;0.17265;0.16731;0.16081;0.15481;0.14584;0.14158;0.14066;0.13066;0.15043;0.14467
-0.06286;0.02549;0.02692;-0.00520;-0.02310;-0.03069;-0.02724;0.01552;0.09499;0.18039;0.25717;0.32006;0.36663;0.39544;0.41178;0.42770;0.41786;0.40779;0.40023;0.39547;0.38886;0.38081;0.36500;0.34898;0.33247;0.31402;0.29850;0.28759;0.27937;0.27148;0.26261;0.25388;0.24675;0.24035;0.23449;0.22826;0.22103;0.21314;0.20445;0.19689;0.19073;0.18653;0.18396;0.18101;0.17559;0.16977;0.16524;0.16510;0.16868;0.16991;0.16426;0.15739;0.15140;0.14074;0.14039;0.13465;0.13051;0.14249;0.14480
-0.00868;0.04999;0.04578;0.00763;-0.01881;-0.02521;-0.02536;0.00620;0.08028;0.16335;0.23736;0.30026;0.34723;0.37548;0.39286;0.40956;0.39995;0.39083;0.38468;0.38012;0.37435;0.36762;0.35275;0.33741;0.32162;0.30392;0.28881;0.27876;0.27128;0.26392;0.25551;0.24755;0.24102;0.23521;0.23007;0.22430;0.21741;0.21027;0.20219;0.19430;0.18900;0.18505;0.18187;0.17932;0.17469;0.16829;0.16515;0.16416;0.16511;0.16719;0.16148;0.15451;0.15309;0.14330;0.13917;0.14471;0.13494;0.15064;0.16002
0.01537;0.07010;0.04597;0.00911;-0.00680;-0.02186;-0.02679;0.00956;0.07592;0.15186;0.22421;0.28366;0.32880;0.35677;0.37337;0.38905;0.38080;0.37242;0.36643;0.36287;0.35750;0.35070;0.33598;0.32154;0.30622;0.28889;0.27453;0.26480;0.25752;0.25069;0.24281;0.23493;0.22872;0.22322;0.21793;0.21240;0.20602;0.19874;0.19077;0.18339;0.17798;0.17455;0.17232;0.16992;0.16522;0.16000;0.15573;0.15612;0.15952;0.16049;0.15589;0.15010;0.14430;0.13784;0.13496;0.13392;0.13308;0.14215;0.14565
-0.03136;0.04351;0.03423;-0.01669;-0.02245;-0.03102;-0.04178;-0.00365;0.06696;0.14235;0.21626;0.27639;0.32209;0.35101;0.36875;0.38545;0.37755;0.36948;0.36380;0.36044;0.35530;0.34839;0.33383;0.31870;0.30278;0.28472;0.26984;0.25990;0.25238;0.24539;0.23747;0.22944;0.22310;0.21757;0.21249;0.20694;0.20072;0.19351;0.18548;0.17834;0.17299;0.16950;0.16793;0.16584;0.16159;0.15675;0.15406;0.15490;0.15850;0.15932;0.15408;0.14894;0.14228;0.13504;0.13342;0.12868;0.12841;0.14206;0.13801
-0.07357;0.01111;0.00319;-0.01946;-0.03876;-0.05094;-0.04538;-0.00757;0.06507;0.15076;0.22542;0.28470;0.32973;0.35754;0.37301;0.38793;0.37965;0.37085;0.36432;0.36079;0.35547;0.34818;0.33386;0.31888;0.30287;0.28524;0.27064;0.26038;0.25280;0.24587;0.23774;0.22977;0.22346;0.21784;0.21261;0.20720;0.20072;0.19353;0.18555;0.17860;0.17290;0.16946;0.16725;0.16479;0.16032;0.15519;0.15097;0.15115;0.15405;0.15414;0.14995;0.14397;0.13704;0.13079;0.12502;0.12504;0.11893;0.12650;0.13518
-0.08406;0.01196;0.01220;-0.01911;-0.03716;-0.04712;-0.04314;-0.00423;0.07049;0.15550;0.23228;0.29346;0.34019;0.36957;0.38596;0.40222;0.39379;0.38458;0.37810;0.37467;0.36928;0.36209;0.34720;0.33224;0.31603;0.29820;0.28335;0.27315;0.26562;0.25852;0.25032;0.24222;0.23586;0.23018;0.22488;0.21921;0.21281;0.20526;0.19752;0.19018;0.18455;0.18104;0.17888;0.17588;0.17196;0.16633;0.16190;0.16227;0.16524;0.16523;0.16117;0.15476;0.14844;0.14280;0.13736;0.13276;0.13130;0.13575;0.14375
-0.08277;0.02239;0.02421;-0.01011;-0.02444;-0.03039;-0.03536;0.00573;0.08002;0.15910;0.23240;0.29293;0.33731;0.36455;0.38122;0.39646;0.38821;0.37931;0.37284;0.36881;0.36338;0.35581;0.34062;0.32498;0.30852;0.29035;0.27507;0.26460;0.25671;0.24929;0.24091;0.23284;0.22617;0.22039;0.21508;0.20944;0.20284;0.19556;0.18757;0.18013;0.17491;0.17110;0.16900;0.16646;0.16199;0.15649;0.15321;0.15300;0.15663;0.15783;0.15247;0.14635;0.13955;0.13262;0.12924;0.12604;0.11845;0.13757;0.12861
-0.08171;0.04359;0.02260;-0.00602;-0.01825;-0.03057;-0.02857;0.01695;0.08785;0.16789;0.24031;0.30099;0.34578;0.37447;0.39131;0.40786;0.39865;0.38993;0.38298;0.37895;0.37355;0.36610;0.35070;0.33560;0.31946;0.30106;0.28615;0.27577;0.26777;0.26062;0.25239;0.24408;0.23763;0.23189;0.22654;0.22097;0.21446;0.20694;0.19904;0.19196;0.18613;0.18246;0.18059;0.17786;0.17323;0.16827;0.16374;0.16357;0.16729;0.16780;0.16277;0.15696;0.14937;0.14253;0.13917;0.13389;0.13620;0.14353;0.14241
-0.06695;0.03259;0.00665;-0.00733;-0.02179;-0.03876;-0.02934;0.01226;0.08427;0.16928;0.24519;0.30462;0.34965;0.37763;0.39279;0.40766;0.39815;0.38821;0.38037;0.37573;0.37005;0.36219;0.34696;0.33219;0.31585;0.29762;0.28286;0.27218;0.26381;0.25654;0.24804;0.23954;0.23310;0.22734;0.22171;0.21630;0.21009;0.20249;0.19492;0.18802;0.18209;0.17864;0.17680;0.17315;0.16930;0.16490;0.16041;0.16096;0.16416;0.16230;0.15842;0.15236;0.14167;0.13936;0.13249;0.12594;0.13995;0.12613;0.13633
-0.05180;0.01647;0.01600;-0.01136;-0.03653;-0.04243;-0.03643;-0.00114;0.07548;0.16376;0.23916;0.30146;0.34812;0.37627;0.39244;0.40830;0.39826;0.38831;0.38052;0.37540;0.36832;0.35951;0.34297;0.32597;0.30809;0.28858;0.27222;0.26055;0.25208;0.24383;0.23471;0.22585;0.21863;0.21202;0.20632;0.20015;0.19298;0.18541;0.17686;0.16896;0.16378;0.16066;0.15859;0.15725;0.15263;0.14724;0.14527;0.14768;0.15218;0.15512;0.14969;0.14289;0.13826;0.12830;0.12199;0.12516;0.11328;0.12123;0.13629
-0.09770;0.02935;0.01644;-0.02550;-0.03398;-0.04197;-0.04722;-0.00278;0.07307;0.15493;0.22930;0.29011;0.33504;0.36308;0.37916;0.39484;0.38615;0.37712;0.37050;0.36671;0.36080;0.35285;0.33730;0.32176;0.30546;0.28734;0.27229;0.26202;0.25433;0.24716;0.23911;0.23086;0.22448;0.21899;0.21369;0.20799;0.20185;0.19433;0.18643;0.17941;0.17413;0.17062;0.16935;0.16636;0.16195;0.15737;0.15313;0.15333;0.15836;0.15847;0.15411;0.14868;0.14245;0.13358;0.13364;0.12855;0.12791;0.13719;0.14467
-0.03497;-0.00339;0.01569;-0.00333;-0.03580;-0.04707;-0.03730;-0.00011;0.07333;0.15947;0.23427;0.29489;0.34108;0.36858;0.38444;0.40069;0.39149;0.38192;0.37547;0.37153;0.36510;0.35749;0.34219;0.32619;0.30990;0.29175;0.27638;0.26582;0.25811;0.25043;0.24185;0.23365;0.22671;0.22058;0.21511;0.20917;0.20224;0.19484;0.18664;0.17868;0.17343;0.16987;0.16746;0.16530;0.16088;0.15463;0.15173;0.15235;0.15549;0.15725;0.15289;0.14520;0.14027;0.13077;0.12701;0.12902;0.12026;0.13160;0.13727
-0.07056;0.03621;0.04000;-0.00131;-0.01845;-0.02250;-0.02270;0.01900;0.10111;0.18678;0.26044;0.32299;0.36796;0.39323;0.40796;0.42259;0.41054;0.39988;0.39226;0.38618;0.37815;0.36962;0.35261;0.33548;0.31870;0.29973;0.28335;0.27199;0.26325;0.25443;0.24495;0.23573;0.22774;0.22061;0.21423;0.20720;0.19940;0.19155;0.18265;0.17423;0.16911;0.16539;0.16348;0.16196;0.15678;0.15019;0.14827;0.14959;0.15458;0.15852;0.15156;0.14446;0.14280;0.12779;0.12611;0.12565;0.10809;0.13843;0.12806
0.03537;0.06025;0.04162;0.01993;-0.00878;-0.02286;-0.01895;0.01473;0.08729;0.17315;0.25022;0.31231;0.35853;0.38660;0.40253;0.41761;0.40787;0.39749;0.38957;0.38451;0.37786;0.36859;0.35203;0.33557;0.31751;0.29820;0.28208;0.27060;0.26173;0.25342;0.24417;0.23486;0.22721;0.22037;0.21401;0.20753;0.19995;0.19156;0.18294;0.17510;0.16908;0.16591;0.16458;0.16192;0.15762;0.15229;0.14827;0.15056;0.15718;0.15784;0.15485;0.14914;0.14053;0.13738;0.12925;0.12832;0.13661;0.13286;0.15281
-0.05484;0.02627;0.02465;-0.01134;-0.02870;-0.04004;-0.03655;0.00278;0.07905;0.16470;0.24096;0.30249;0.34903;0.37686;0.39277;0.40829;0.39806;0.38816;0.38071;0.37585;0.36902;0.36059;0.34417;0.32766;0.31053;0.29151;0.27569;0.26455;0.25615;0.24822;0.23930;0.23042;0.22323;0.21674;0.21077;0.20450;0.19735;0.18949;0.18095;0.17313;0.16782;0.16470;0.16315;0.16151;0.15689;0.15111;0.14847;0.15079;0.15580;0.15860;0.15370;0.14691;0.14175;0.13084;0.12619;0.12782;0.11961;0.12440;0.13421
-0.05215;0.02254;0.03184;-0.00352;-0.02948;-0.03100;-0.02922;0.01014;0.08580;0.17006;0.24497;0.30473;0.34894;0.37554;0.39079;0.40547;0.39586;0.38596;0.37851;0.37379;0.36745;0.35895;0.34280;0.32671;0.30961;0.29073;0.27498;0.26378;0.25519;0.24716;0.23819;0.22903;0.22164;0.21487;0.20873;0.20221;0.19476;0.18652;0.17765;0.16969;0.16391;0.16087;0.15927;0.15685;0.15237;0.14659;0.14334;0.14602;0.15149;0.15290;0.14910;0.14350;0.13487;0.13022;0.12279;0.11884;0.12326;0.12881;0.12750
-0.06341;0.02763;0.01556;-0.01434;-0.02941;-0.04343;-0.03857;0.00287;0.07688;0.15972;0.23445;0.29544;0.34137;0.36988;0.38577;0.40171;0.39177;0.38196;0.37441;0.36965;0.36326;0.35502;0.33902;0.32331;0.30666;0.28812;0.27273;0.26212;0.25425;0.24677;0.23848;0.23012;0.22350;0.21767;0.21233;0.20668;0.20032;0.19296;0.18505;0.17798;0.17296;0.16992;0.16878;0.16691;0.16285;0.15766;0.15392;0.15609;0.16109;0.16240;0.15816;0.15163;0.14431;0.13686;0.13306;0.13113;0.12874;0.13383;0.14367
-0.06329;0.00707;0.00511;-0.01497;-0.03540;-0.04485;-0.03683;0.00392;0.07837;0.16164;0.23574;0.29617;0.34201;0.37009;0.38639;0.40208;0.39333;0.38459;0.37763;0.37381;0.36839;0.36098;0.34587;0.33084;0.31452;0.29660;0.28165;0.27109;0.26321;0.25585;0.24732;0.23876;0.23205;0.22584;0.22019;0.21418;0.20735;0.19966;0.19142;0.18401;0.17835;0.17486;0.17326;0.17083;0.16622;0.16094;0.15731;0.15869;0.16328;0.16369;0.16003;0.15319;0.14574;0.13964;0.13446;0.13071;0.12797;0.13345;0.13768
-0.09968;0.01160;0.01287;-0.02110;-0.03272;-0.04305;-0.03766;0.00854;0.08227;0.16612;0.24263;0.30267;0.34875;0.37687;0.39251;0.40842;0.39854;0.38791;0.38049;0.37546;0.36855;0.36023;0.34389;0.32764;0.31064;0.29135;0.27554;0.26430;0.25549;0.24745;0.23844;0.22912;0.22180;0.21539;0.20905;0.20288;0.19573;0.18763;0.17933;0.17183;0.16599;0.16288;0.16151;0.15878;0.15499;0.14933;0.14550;0.14733;0.15349;0.15369;0.14985;0.14405;0.13590;0.12770;0.12153;0.12154;0.11832;0.12143;0.12566
-0.06611;0.02351;0.01124;-0.00980;-0.02976;-0.04213;-0.03707;0.00561;0.07891;0.16194;0.23761;0.29889;0.34499;0.37379;0.39004;0.40559;0.39582;0.38608;0.37861;0.37368;0.36719;0.35886;0.34293;0.32699;0.30976;0.29089;0.27535;0.26450;0.25622;0.24880;0.24033;0.23171;0.22493;0.21908;0.21345;0.20771;0.20132;0.19356;0.18541;0.17833;0.17283;0.16977;0.16886;0.16660;0.16225;0.15732;0.15324;0.15513;0.16057;0.16119;0.15729;0.15156;0.14132;0.13645;0.13207;0.12450;0.13526;0.13310;0.13591
-0.12450;-0.02652;-0.01056;-0.04122;-0.05659;-0.06490;-0.06558;-0.02729;0.03675;0.10820;0.17486;0.23104;0.27393;0.30236;0.31898;0.33529;0.32901;0.32191;0.31672;0.31451;0.31073;0.30490;0.29176;0.27792;0.26268;0.24581;0.23208;0.22286;0.21635;0.21050;0.20358;0.19668;0.19138;0.18687;0.18257;0.17818;0.17275;0.16620;0.15914;0.15269;0.14789;0.14528;0.14418;0.14211;0.13845;0.13417;0.13003;0.13128;0.13498;0.13524;0.13110;0.12588;0.11722;0.11200;0.10783;0.10436;0.10675;0.10870;0.11429
-0.10296;-0.02103;-0.01135;-0.03929;-0.05872;-0.06319;-0.06322;-0.02820;0.03910;0.11144;0.17881;0.23527;0.27879;0.30659;0.32343;0.33996;0.33276;0.32500;0.31978;0.31670;0.31230;0.30629;0.29262;0.27808;0.26270;0.24537;0.23104;0.22159;0.21495;0.20864;0.20142;0.19428;0.18869;0.18390;0.17949;0.17485;0.16913;0.16271;0.15541;0.14869;0.14404;0.14124;0.13997;0.13816;0.13435;0.12967;0.12627;0.12674;0.13114;0.13244;0.12780;0.12132;0.11576;0.10594;0.10573;0.10600;0.10214;0.11085;0.12054
-0.14768;-0.01096;-0.01727;-0.05997;-0.06521;-0.06996;-0.08110;-0.04432;0.02714;0.09941;0.16910;0.22980;0.27488;0.30381;0.32312;0.34125;0.33406;0.32746;0.32313;0.32027;0.31618;0.31108;0.29764;0.28311;0.26787;0.25041;0.23617;0.22717;0.22079;0.21467;0.20794;0.20127;0.19584;0.19156;0.18762;0.18302;0.17782;0.17170;0.16405;0.15756;0.15336;0.15006;0.14871;0.14753;0.14282;0.13831;0.13572;0.13488;0.13839;0.14024;0.13396;0.12965;0.12512;0.11378;0.11401;0.11304;0.09735;0.12821;0.11964
-0.09640;-0.01082;-0.02241;-0.03500;-0.05012;-0.07111;-0.06068;-0.02017;0.04266;0.11812;0.18908;0.24505;0.28963;0.31897;0.33590;0.35215;0.34568;0.33795;0.33201;0.32955;0.32547;0.31878;0.30510;0.29109;0.27512;0.25728;0.24329;0.23346;0.22623;0.22010;0.21273;0.20486;0.19954;0.19456;0.18971;0.18495;0.17941;0.17205;0.16489;0.15838;0.15257;0.14989;0.14895;0.14584;0.14234;0.13823;0.13337;0.13497;0.13892;0.13701;0.13521;0.12969;0.11887;0.11855;0.10964;0.10486;0.12420;0.10086;0.11981
-0.08101;0.02017;0.01838;-0.01459;-0.03579;-0.04207;-0.04044;-0.00184;0.07615;0.16136;0.23597;0.29697;0.34263;0.36983;0.38563;0.40126;0.39158;0.38178;0.37466;0.37004;0.36320;0.35421;0.33772;0.32098;0.30348;0.28419;0.26827;0.25698;0.24860;0.24064;0.23178;0.22284;0.21566;0.20909;0.20313;0.19689;0.18965;0.18156;0.17307;0.16529;0.15973;0.15652;0.15535;0.15345;0.14894;0.14291;0.14035;0.14298;0.14883;0.15208;0.14738;0.13989;0.13508;0.12399;0.12077;0.12039;0.11579;0.11988;0.13037
-0.04484;0.01186;0.02335;0.00424;-0.02982;-0.03717;-0.02905;0.00824;0.08310;0.16991;0.24371;0.30361;0.34872;0.37596;0.39161;0.40763;0.39755;0.38752;0.38047;0.37572;0.36887;0.35994;0.34338;0.32683;0.30951;0.29051;0.27439;0.26321;0.25478;0.24664;0.23749;0.22849;0.22114;0.21438;0.20820;0.20183;0.19426;0.18630;0.17773;0.16976;0.16441;0.16170;0.16032;0.15868;0.15446;0.14842;0.14601;0.14935;0.15511;0.15822;0.15416;0.14609;0.14021;0.13178;0.12285;0.12327;0.12073;0.12199;0.14002
-0.04132;0.04330;0.01925;-0.00227;-0.02238;-0.03326;-0.02853;0.01348;0.08919;0.17656;0.25447;0.31629;0.36210;0.39020;0.40571;0.42023;0.40967;0.39912;0.39079;0.38557;0.37838;0.36841;0.35120;0.33446;0.31670;0.29711;0.28105;0.26931;0.26022;0.25185;0.24239;0.23281;0.22504;0.21811;0.21133;0.20471;0.19733;0.18871;0.18001;0.17228;0.16638;0.16351;0.16303;0.16068;0.15607;0.15078;0.14741;0.15164;0.15862;0.16031;0.15670;0.14928;0.14034;0.13441;0.12949;0.12158;0.13111;0.12559;0.13674
-0.04140;0.01548;0.02180;0.00808;-0.02999;-0.03792;-0.02834;0.00836;0.07989;0.16173;0.23447;0.29246;0.33617;0.36333;0.37752;0.39222;0.38264;0.37260;0.36494;0.36056;0.35345;0.34430;0.32807;0.31187;0.29466;0.27588;0.26026;0.24923;0.24088;0.23326;0.22448;0.21557;0.20854;0.20215;0.19619;0.19016;0.18323;0.17534;0.16720;0.15970;0.15434;0.15181;0.15103;0.14909;0.14518;0.13977;0.13606;0.14022;0.14635;0.14814;0.14529;0.13755;0.13052;0.12426;0.11667;0.11336;0.11332;0.11424;0.12689
-0.10092;0.00365;0.00116;-0.02419;-0.03927;-0.05385;-0.04746;-0.00727;0.06245;0.14450;0.21761;0.27691;0.32179;0.34946;0.36525;0.38096;0.37199;0.36309;0.35622;0.35203;0.34655;0.33902;0.32398;0.30842;0.29179;0.27329;0.25827;0.24757;0.23971;0.23244;0.22413;0.21576;0.20933;0.20359;0.19829;0.19265;0.18628;0.17911;0.17126;0.16422;0.15900;0.15617;0.15512;0.15285;0.14902;0.14412;0.14144;0.14417;0.14874;0.14961;0.14472;0.13800;0.13177;0.12440;0.11912;0.11556;0.11429;0.11703;0.12606
-0.11895;0.04469;0.01281;-0.02586;-0.02355;-0.04102;-0.04592;0.00004;0.07544;0.15420;0.22850;0.28894;0.33324;0.36041;0.37625;0.39123;0.38188;0.37276;0.36593;0.36126;0.35514;0.34656;0.33044;0.31450;0.29764;0.27879;0.26364;0.25311;0.24482;0.23769;0.22962;0.22090;0.21433;0.20858;0.20305;0.19720;0.19112;0.18308;0.17500;0.16820;0.16281;0.15963;0.15941;0.15712;0.15262;0.14833;0.14431;0.14595;0.15352;0.15427;0.15040;0.14527;0.13362;0.13003;0.12769;0.11654;0.12320;0.12409;0.12248
-0.07316;0.03491;0.02441;-0.00643;-0.02539;-0.03465;-0.03015;0.00943;0.08544;0.16790;0.24205;0.30348;0.34864;0.37579;0.39161;0.40626;0.39669;0.38678;0.37935;0.37436;0.36743;0.35828;0.34196;0.32570;0.30834;0.28963;0.27392;0.26288;0.25465;0.24697;0.23811;0.22951;0.22241;0.21604;0.21031;0.20430;0.19726;0.18975;0.18139;0.17389;0.16893;0.16630;0.16530;0.16392;0.15952;0.15393;0.15151;0.15442;0.16090;0.16404;0.15965;0.15255;0.14603;0.13698;0.13019;0.13205;0.12811;0.13488;0.14019
-0.04404;0.02834;0.02203;-0.00143;-0.02615;-0.03861;-0.03175;0.00844;0.08125;0.16605;0.24053;0.30114;0.34609;0.37297;0.38796;0.40236;0.39211;0.38147;0.37349;0.36820;0.36059;0.35092;0.33376;0.31682;0.29878;0.27921;0.26291;0.25131;0.24251;0.23425;0.22509;0.21574;0.20820;0.20140;0.19503;0.18862;0.18129;0.17308;0.16455;0.15698;0.15147;0.14891;0.14847;0.14656;0.14254;0.13711;0.13408;0.13782;0.14512;0.14772;0.14404;0.13703;0.12879;0.12266;0.11495;0.11397;0.11279;0.11293;0.12751
-0.09584;0.03880;0.02578;-0.01714;-0.02069;-0.03105;-0.03434;0.00869;0.08632;0.16714;0.24097;0.30155;0.34571;0.37262;0.38897;0.40448;0.39466;0.38564;0.37846;0.37363;0.36708;0.35861;0.34201;0.32569;0.30816;0.28862;0.27255;0.26117;0.25239;0.24424;0.23518;0.22616;0.21878;0.21242;0.20638;0.19995;0.19292;0.18490;0.17607;0.16837;0.16241;0.15823;0.15653;0.15391;0.14884;0.14349;0.14024;0.14024;0.14638;0.14756;0.14190;0.13710;0.13026;0.12060;0.11957;0.11377;0.11203;0.12465;0.12054
-0.07554;0.02460;0.01857;-0.01827;-0.02794;-0.04256;-0.03913;0.00222;0.07906;0.16292;0.23831;0.29954;0.34480;0.37283;0.38915;0.40449;0.39492;0.38563;0.37842;0.37365;0.36721;0.35867;0.34247;0.32651;0.30929;0.29028;0.27459;0.26358;0.25512;0.24734;0.23852;0.22982;0.22294;0.21678;0.21111;0.20506;0.19825;0.19041;0.18206;0.17453;0.16875;0.16460;0.16262;0.16007;0.15498;0.14963;0.14561;0.14567;0.14985;0.15109;0.14570;0.14040;0.13271;0.12565;0.12113;0.11959;0.11937;0.12157;0.13181
-0.06386;0.01458;0.00820;-0.00627;-0.03115;-0.04241;-0.03453;0.00595;0.08091;0.16416;0.23697;0.29691;0.34169;0.36914;0.38452;0.39964;0.39014;0.38049;0.37282;0.36802;0.36128;0.35250;0.33593;0.31977;0.30232;0.28324;0.26736;0.25590;0.24728;0.23932;0.23039;0.22140;0.21432;0.20790;0.20207;0.19594;0.18894;0.18123;0.17285;0.16492;0.15926;0.15579;0.15396;0.15149;0.14679;0.14127;0.13773;0.13884;0.14304;0.14475;0.14041;0.13327;0.12729;0.11971;0.11227;0.11177;0.11481;0.10862;0.12134
-0.05010;0.02566;0.01677;-0.00527;-0.02783;-0.04125;-0.03451;0.00526;0.07875;0.16603;0.24309;0.30505;0.35211;0.38155;0.39791;0.41384;0.40475;0.39492;0.38721;0.38265;0.37601;0.36732;0.35093;0.33479;0.31730;0.29817;0.28240;0.27111;0.26237;0.25463;0.24566;0.23666;0.22976;0.22343;0.21730;0.21127;0.20435;0.19614;0.18778;0.18004;0.17392;0.17059;0.16891;0.16614;0.16162;0.15619;0.15169;0.15391;0.15871;0.15867;0.15593;0.14959;0.13953;0.13665;0.12847;0.12344;0.13302;0.12953;0.14143
-0.11027;-0.00786;-0.01848;-0.04401;-0.05322;-0.07222;-0.06873;-0.02858;0.03844;0.11568;0.18859;0.24766;0.29277;0.32172;0.33908;0.35520;0.34817;0.34060;0.33480;0.33161;0.32737;0.32104;0.30717;0.29321;0.27759;0.26027;0.24623;0.23672;0.22966;0.22355;0.21636;0.20901;0.20365;0.19894;0.19447;0.18980;0.18440;0.17741;0.17035;0.16386;0.15861;0.15562;0.15403;0.15100;0.14734;0.14278;0.13814;0.13834;0.14155;0.14014;0.13698;0.13131;0.12251;0.11960;0.11583;0.10852;0.11983;0.11097;0.11933
-0.08787;0.01063;-0.00483;-0.02704;-0.03944;-0.05646;-0.04982;-0.00908;0.06052;0.14189;0.21715;0.27676;0.32299;0.35224;0.36878;0.38420;0.37614;0.36678;0.35953;0.35546;0.34975;0.34192;0.32670;0.31174;0.29536;0.27713;0.26229;0.25195;0.24396;0.23697;0.22897;0.22062;0.21450;0.20907;0.20366;0.19837;0.19233;0.18479;0.17705;0.17020;0.16450;0.16156;0.16013;0.15737;0.15325;0.14886;0.14396;0.14543;0.14997;0.14936;0.14634;0.14043;0.12986;0.12865;0.12222;0.11513;0.12951;0.11390;0.12805
-0.08595;-0.01965;-0.01689;-0.02717;-0.04846;-0.06712;-0.05428;-0.01672;0.05064;0.13158;0.20356;0.26205;0.30733;0.33636;0.35235;0.36790;0.36019;0.35175;0.34523;0.34174;0.33680;0.32973;0.31539;0.30095;0.28484;0.26723;0.25309;0.24321;0.23587;0.22966;0.22205;0.21442;0.20872;0.20370;0.19884;0.19401;0.18826;0.18100;0.17382;0.16726;0.16191;0.15905;0.15786;0.15533;0.15139;0.14705;0.14244;0.14394;0.14811;0.14714;0.14489;0.13739;0.12910;0.12662;0.11774;0.11550;0.12606;0.10950;0.12958
0.04705;0.04974;0.04189;0.02811;-0.01224;-0.02773;-0.01165;0.01883;0.08541;0.17471;0.24965;0.30946;0.35587;0.38481;0.40055;0.41571;0.40689;0.39719;0.38944;0.38498;0.37828;0.37020;0.35477;0.33908;0.32240;0.30384;0.28859;0.27754;0.26925;0.26170;0.25282;0.24410;0.23740;0.23109;0.22532;0.21945;0.21256;0.20468;0.19680;0.18899;0.18307;0.17985;0.17763;0.17441;0.17042;0.16504;0.16073;0.16255;0.16563;0.16558;0.16309;0.15599;0.14774;0.14569;0.13722;0.13767;0.14406;0.13548;0.15647
0.01319;0.02246;0.00992;0.00475;-0.02970;-0.04904;-0.03641;-0.00511;0.05185;0.12933;0.19877;0.25412;0.29814;0.32698;0.34309;0.35904;0.35205;0.34385;0.33766;0.33506;0.33041;0.32361;0.30975;0.29552;0.27957;0.26212;0.24837;0.23862;0.23175;0.22581;0.21843;0.21106;0.20576;0.20094;0.19631;0.19173;0.18610;0.17894;0.17188;0.16509;0.15957;0.15700;0.15550;0.15259;0.14908;0.14405;0.13903;0.14064;0.14378;0.14306;0.14162;0.13414;0.12656;0.12671;0.11634;0.11694;0.13054;0.11432;0.14256
-0.09143;-0.01319;-0.00521;-0.03605;-0.05355;-0.06490;-0.06439;-0.02854;0.04387;0.12637;0.19954;0.25900;0.30528;0.33423;0.35176;0.36895;0.36141;0.35358;0.34834;0.34536;0.34054;0.33438;0.32047;0.30613;0.29079;0.27360;0.25950;0.25008;0.24327;0.23704;0.22979;0.22274;0.21739;0.21267;0.20835;0.20381;0.19812;0.19168;0.18449;0.17773;0.17260;0.16941;0.16682;0.16457;0.16071;0.15550;0.15149;0.15056;0.15205;0.15275;0.14722;0.14151;0.13610;0.12827;0.12346;0.12660;0.11904;0.13138;0.13170
-0.08627;-0.00429;-0.00887;-0.02475;-0.05142;-0.06268;-0.05816;-0.02036;0.04681;0.13040;0.20498;0.26425;0.31078;0.34121;0.35821;0.37580;0.36884;0.36077;0.35519;0.35242;0.34756;0.34067;0.32647;0.31220;0.29632;0.27885;0.26474;0.25500;0.24791;0.24161;0.23407;0.22651;0.22107;0.21604;0.21142;0.20657;0.20088;0.19385;0.18676;0.17987;0.17435;0.17109;0.16898;0.16613;0.16238;0.15711;0.15249;0.15260;0.15481;0.15427;0.15048;0.14394;0.13516;0.13484;0.12408;0.12249;0.13508;0.12461;0.13221
-0.12066;-0.00479;-0.01089;-0.03354;-0.05325;-0.06198;-0.05591;-0.01819;0.05685;0.14064;0.21437;0.27430;0.32003;0.34855;0.36554;0.38250;0.37391;0.36565;0.35932;0.35585;0.35044;0.34356;0.32890;0.31454;0.29879;0.28141;0.26702;0.25715;0.24987;0.24324;0.23545;0.22779;0.22182;0.21657;0.21166;0.20656;0.20043;0.19338;0.18583;0.17883;0.17333;0.16982;0.16753;0.16471;0.16055;0.15510;0.15050;0.15052;0.15284;0.15256;0.14824;0.14186;0.13375;0.12786;0.12310;0.11877;0.11792;0.12105;0.13235
-0.07595;-0.00455;-0.00574;-0.01740;-0.04606;-0.05657;-0.05018;-0.01037;0.05909;0.14532;0.21977;0.27969;0.32568;0.35465;0.37109;0.38709;0.37911;0.37055;0.36398;0.36051;0.35508;0.34771;0.33305;0.31826;0.30249;0.28477;0.27027;0.26018;0.25264;0.24582;0.23790;0.22999;0.22402;0.21865;0.21357;0.20849;0.20241;0.19523;0.18794;0.18104;0.17559;0.17225;0.16998;0.16718;0.16334;0.15820;0.15365;0.15402;0.15599;0.15564;0.15270;0.14559;0.13806;0.13401;0.12740;0.12426;0.13220;0.11992;0.13582
0.01588;0.05048;0.03494;0.01636;-0.01306;-0.03329;-0.02751;0.00837;0.07444;0.15526;0.22858;0.28759;0.33368;0.36260;0.37834;0.39445;0.38623;0.37682;0.37007;0.36614;0.36027;0.35230;0.33694;0.32117;0.30406;0.28545;0.27015;0.25940;0.25143;0.24426;0.23583;0.22743;0.22094;0.21505;0.20948;0.20402;0.19722;0.18958;0.18172;0.17420;0.16842;0.16548;0.16378;0.16125;0.15733;0.15190;0.14781;0.14976;0.15405;0.15472;0.15208;0.14547;0.13792;0.13481;0.12770;0.12858;0.13437;0.13008;0.15006
-0.07678;-0.00106;0.00118;-0.01895;-0.04628;-0.05285;-0.04953;-0.00941;0.06350;0.14240;0.21509;0.27522;0.32024;0.34791;0.36508;0.38093;0.37259;0.36375;0.35712;0.35332;0.34804;0.34064;0.32573;0.31067;0.29407;0.27611;0.26126;0.25100;0.24340;0.23644;0.22829;0.22023;0.21378;0.20793;0.20266;0.19695;0.19049;0.18290;0.17472;0.16750;0.16205;0.15866;0.15732;0.15539;0.15096;0.14533;0.14210;0.14331;0.14812;0.14939;0.14539;0.13844;0.13132;0.12456;0.12127;0.11455;0.11437;0.11874;0.12751
-0.05989;0.03000;0.02465;-0.00845;-0.02498;-0.03535;-0.02909;0.01395;0.08524;0.16395;0.23655;0.29532;0.34001;0.36774;0.38353;0.39912;0.38961;0.38009;0.37270;0.36843;0.36233;0.35411;0.33805;0.32233;0.30543;0.28666;0.27147;0.26062;0.25239;0.24511;0.23658;0.22779;0.22115;0.21518;0.20936;0.20349;0.19682;0.18894;0.18063;0.17318;0.16741;0.16431;0.16296;0.16055;0.15656;0.15093;0.14715;0.14924;0.15478;0.15564;0.15234;0.14556;0.13665;0.13117;0.12625;0.11841;0.12901;0.12922;0.13195
-0.04765;0.00958;0.01975;-0.00715;-0.03483;-0.04541;-0.03689;-0.00171;0.06878;0.15201;0.22566;0.28653;0.33376;0.36282;0.37959;0.39644;0.38746;0.37795;0.37150;0.36737;0.36142;0.35384;0.33859;0.32242;0.30560;0.28707;0.27156;0.26096;0.25312;0.24559;0.23713;0.22877;0.22205;0.21588;0.21042;0.20466;0.19763;0.19002;0.18183;0.17403;0.16864;0.16558;0.16378;0.16161;0.15753;0.15162;0.14870;0.15073;0.15504;0.15732;0.15288;0.14473;0.14111;0.13051;0.12585;0.12762;0.12095;0.13233;0.14167
-0.04998;0.02140;0.02533;-0.00116;-0.03062;-0.03419;-0.02727;0.00990;0.08684;0.17116;0.24421;0.30500;0.35084;0.37778;0.39378;0.40932;0.39966;0.39021;0.38345;0.37860;0.37198;0.36387;0.34824;0.33222;0.31583;0.29747;0.28189;0.27104;0.26295;0.25529;0.24664;0.23840;0.23150;0.22536;0.22006;0.21403;0.20722;0.19981;0.19179;0.18396;0.17879;0.17510;0.17265;0.17056;0.16602;0.15982;0.15693;0.15712;0.16054;0.16318;0.15767;0.15016;0.14585;0.13280;0.13195;0.13341;0.11839;0.14048;0.14493
-0.04701;-0.00045;0.00765;-0.00664;-0.03954;-0.05142;-0.03762;-0.00184;0.07403;0.16469;0.24113;0.30277;0.34962;0.37816;0.39418;0.41009;0.40082;0.39095;0.38341;0.37870;0.37200;0.36359;0.34807;0.33200;0.31477;0.29593;0.28023;0.26878;0.26035;0.25243;0.24331;0.23446;0.22746;0.22091;0.21493;0.20885;0.20169;0.19379;0.18551;0.17723;0.17141;0.16751;0.16516;0.16196;0.15757;0.15166;0.14780;0.14867;0.15135;0.15216;0.14880;0.14123;0.13434;0.12898;0.12068;0.12048;0.12585;0.11442;0.14427
-0.07731;0.02836;0.01475;-0.01006;-0.02174;-0.04013;-0.03197;0.00998;0.08113;0.16425;0.24012;0.30025;0.34524;0.37361;0.38919;0.40405;0.39541;0.38597;0.37848;0.37418;0.36819;0.35951;0.34374;0.32843;0.31138;0.29272;0.27769;0.26691;0.25860;0.25139;0.24308;0.23435;0.22783;0.22197;0.21621;0.21061;0.20416;0.19623;0.18816;0.18098;0.17503;0.17160;0.16994;0.16655;0.16222;0.15748;0.15240;0.15378;0.15855;0.15705;0.15494;0.14847;0.13702;0.13561;0.12942;0.11930;0.13925;0.12708;0.13524
-0.06035;0.03566;0.01928;-0.01089;-0.02600;-0.03758;-0.03413;0.00731;0.08020;0.16496;0.23963;0.30063;0.34696;0.37597;0.39218;0.40817;0.39892;0.38955;0.38252;0.37786;0.37160;0.36327;0.34731;0.33148;0.31420;0.29525;0.27974;0.26886;0.26074;0.25322;0.24460;0.23610;0.22940;0.22346;0.21771;0.21187;0.20519;0.19746;0.18915;0.18164;0.17599;0.17252;0.17068;0.16818;0.16385;0.15828;0.15403;0.15534;0.15958;0.16052;0.15639;0.14981;0.14190;0.13596;0.12980;0.12589;0.12941;0.13097;0.13442
-0.06659;0.03283;0.02152;-0.00743;-0.02652;-0.03957;-0.03293;0.00754;0.08249;0.16631;0.24155;0.30333;0.34956;0.37813;0.39456;0.40982;0.40066;0.39123;0.38409;0.37963;0.37318;0.36498;0.34927;0.33374;0.31704;0.29880;0.28368;0.27307;0.26520;0.25802;0.24965;0.24148;0.23512;0.22944;0.22422;0.21873;0.21226;0.20484;0.19697;0.18974;0.18442;0.18077;0.17905;0.17658;0.17207;0.16686;0.16253;0.16351;0.16729;0.16875;0.16436;0.15690;0.15030;0.14414;0.13801;0.13699;0.13217;0.13848;0.14542
-0.10769;-0.00858;-0.01407;-0.03800;-0.05212;-0.06732;-0.06359;-0.02667;0.03852;0.11567;0.18588;0.24380;0.28848;0.31784;0.33474;0.35203;0.34490;0.33755;0.33235;0.32956;0.32535;0.31927;0.30561;0.29173;0.27638;0.25912;0.24515;0.23565;0.22873;0.22249;0.21525;0.20776;0.20225;0.19745;0.19264;0.18781;0.18217;0.17512;0.16786;0.16110;0.15565;0.15252;0.15059;0.14801;0.14422;0.13946;0.13498;0.13560;0.13876;0.13775;0.13463;0.12747;0.11972;0.11767;0.11140;0.10764;0.11523;0.11265;0.12007
-0.12919;-0.01499;-0.01362;-0.04572;-0.05978;-0.06874;-0.06790;-0.03232;0.03792;0.11543;0.18642;0.24677;0.29324;0.32332;0.34162;0.35954;0.35275;0.34572;0.34093;0.33832;0.33412;0.32853;0.31535;0.30187;0.28752;0.27095;0.25745;0.24849;0.24211;0.23618;0.22921;0.22226;0.21700;0.21232;0.20813;0.20347;0.19787;0.19130;0.18408;0.17710;0.17223;0.16875;0.16653;0.16389;0.16008;0.15509;0.15132;0.15063;0.15179;0.15216;0.14689;0.14112;0.13504;0.12845;0.12452;0.12279;0.11598;0.12860;0.12918
-0.13903;-0.03579;-0.02280;-0.05076;-0.06362;-0.07679;-0.07074;-0.03295;0.03616;0.11601;0.18862;0.24865;0.29468;0.32460;0.34228;0.35934;0.35241;0.34536;0.34010;0.33742;0.33312;0.32697;0.31370;0.29992;0.28496;0.26806;0.25419;0.24494;0.23822;0.23195;0.22476;0.21753;0.21201;0.20705;0.20255;0.19753;0.19173;0.18474;0.17746;0.17044;0.16514;0.16174;0.15957;0.15697;0.15282;0.14759;0.14336;0.14323;0.14542;0.14454;0.14066;0.13443;0.12684;0.12174;0.11544;0.11396;0.11315;0.11359;0.12364
-0.15684;-0.03775;-0.03648;-0.05545;-0.07374;-0.08641;-0.08614;-0.04889;0.01400;0.08913;0.15734;0.21507;0.25992;0.28968;0.30780;0.32574;0.31999;0.31356;0.30946;0.30756;0.30426;0.29934;0.28684;0.27340;0.25849;0.24178;0.22820;0.21942;0.21325;0.20768;0.20106;0.19429;0.18934;0.18509;0.18108;0.17678;0.17144;0.16491;0.15786;0.15124;0.14610;0.14267;0.14079;0.13821;0.13419;0.12954;0.12508;0.12441;0.12650;0.12619;0.12151;0.11662;0.10909;0.10373;0.09929;0.09795;0.09490;0.09769;0.10480
-0.04092;0.01714;0.01383;0.00375;-0.02939;-0.04375;-0.03014;0.00745;0.07666;0.16134;0.23657;0.29615;0.34244;0.37146;0.38722;0.40277;0.39392;0.38426;0.37679;0.37272;0.36665;0.35862;0.34321;0.32755;0.31045;0.29181;0.27670;0.26587;0.25782;0.25055;0.24203;0.23358;0.22696;0.22095;0.21523;0.20959;0.20285;0.19502;0.18710;0.17954;0.17390;0.17094;0.16916;0.16666;0.16289;0.15748;0.15344;0.15584;0.16045;0.16092;0.15777;0.15120;0.14221;0.13987;0.12969;0.12740;0.13707;0.12784;0.14186
-0.05832;0.03514;0.02784;-0.00547;-0.01834;-0.02689;-0.02574;0.01814;0.08889;0.16936;0.24207;0.30164;0.34604;0.37388;0.38984;0.40513;0.39574;0.38602;0.37868;0.37396;0.36775;0.35964;0.34387;0.32808;0.31119;0.29219;0.27674;0.26580;0.25749;0.24987;0.24133;0.23252;0.22574;0.21972;0.21380;0.20793;0.20116;0.19321;0.18485;0.17751;0.17155;0.16784;0.16661;0.16374;0.15944;0.15443;0.15007;0.15182;0.15667;0.15717;0.15352;0.14761;0.13643;0.13205;0.12835;0.12326;0.13015;0.13417;0.13587
-0.05192;0.00855;0.01363;-0.00270;-0.03126;-0.04445;-0.03575;0.00142;0.07018;0.15212;0.22515;0.28373;0.32846;0.35647;0.37180;0.38723;0.37897;0.36957;0.36285;0.35898;0.35306;0.34549;0.33021;0.31432;0.29726;0.27878;0.26345;0.25278;0.24494;0.23762;0.22929;0.22104;0.21439;0.20846;0.20301;0.19729;0.19058;0.18292;0.17496;0.16736;0.16199;0.15906;0.15735;0.15531;0.15164;0.14596;0.14265;0.14519;0.14971;0.15196;0.14791;0.14064;0.13356;0.12824;0.12147;0.12041;0.12167;0.11948;0.13296
-0.10016;-0.01872;-0.02019;-0.03214;-0.05768;-0.07126;-0.06443;-0.02903;0.03758;0.11869;0.19120;0.24853;0.29381;0.32313;0.33944;0.35597;0.34961;0.34185;0.33626;0.33417;0.33002;0.32385;0.31058;0.29667;0.28119;0.26446;0.25086;0.24152;0.23492;0.22924;0.22214;0.21513;0.21014;0.20547;0.20125;0.19710;0.19140;0.18495;0.17846;0.17182;0.16648;0.16366;0.16123;0.15854;0.15534;0.15021;0.14562;0.14619;0.14658;0.14585;0.14347;0.13539;0.12994;0.12525;0.11817;0.11959;0.12378;0.10816;0.13641
-0.06782;0.04349;0.02449;-0.00732;-0.02004;-0.03069;-0.02847;0.01354;0.08788;0.16934;0.24335;0.30427;0.34970;0.37696;0.39286;0.40868;0.39841;0.38849;0.38120;0.37632;0.36970;0.36161;0.34540;0.32888;0.31179;0.29257;0.27672;0.26563;0.25726;0.24942;0.24062;0.23180;0.22473;0.21835;0.21244;0.20619;0.19906;0.19112;0.18243;0.17434;0.16890;0.16526;0.16331;0.16151;0.15665;0.15076;0.14777;0.14951;0.15490;0.15725;0.15278;0.14555;0.14013;0.13035;0.12587;0.12440;0.11939;0.13311;0.12986
0.01116;0.04094;0.03222;0.01418;-0.01665;-0.03522;-0.02632;0.00658;0.06943;0.15113;0.22294;0.28082;0.32614;0.35481;0.37107;0.38751;0.37941;0.37033;0.36352;0.35978;0.35415;0.34647;0.33143;0.31605;0.29916;0.28075;0.26577;0.25508;0.24731;0.24023;0.23191;0.22372;0.21745;0.21173;0.20651;0.20116;0.19480;0.18734;0.17960;0.17218;0.16646;0.16338;0.16131;0.15856;0.15473;0.14936;0.14490;0.14554;0.14878;0.14964;0.14648;0.13946;0.13193;0.12836;0.12075;0.12284;0.13171;0.11997;0.14310
-0.06393;0.00918;0.02012;-0.00942;-0.03635;-0.03983;-0.04086;-0.00475;0.07086;0.15437;0.22667;0.28828;0.33418;0.36224;0.37964;0.39616;0.38723;0.37832;0.37175;0.36755;0.36152;0.35426;0.33888;0.32308;0.30664;0.28851;0.27307;0.26247;0.25491;0.24745;0.23914;0.23115;0.22453;0.21878;0.21367;0.20785;0.20120;0.19415;0.18608;0.17846;0.17349;0.16980;0.16780;0.16587;0.16123;0.15594;0.15226;0.15271;0.15650;0.15900;0.15226;0.14612;0.14312;0.13063;0.12801;0.13010;0.11545;0.13186;0.13977
-0.00198;0.00249;0.01786;0.01011;-0.03372;-0.04251;-0.02686;0.00632;0.07373;0.15935;0.23209;0.28955;0.33438;0.36281;0.37821;0.39366;0.38585;0.37615;0.36880;0.36532;0.35944;0.35147;0.33635;0.32113;0.30435;0.28613;0.27126;0.26069;0.25290;0.24586;0.23750;0.22921;0.22295;0.21709;0.21160;0.20609;0.19943;0.19165;0.18400;0.17647;0.17066;0.16739;0.16529;0.16226;0.15848;0.15263;0.14812;0.14976;0.15339;0.15278;0.15109;0.14341;0.13418;0.13159;0.12209;0.12106;0.13019;0.11785;0.14211
-0.08165;-0.00001;0.00428;-0.02029;-0.04192;-0.05307;-0.04570;-0.00828;0.06304;0.14588;0.22067;0.28119;0.32687;0.35601;0.37279;0.38911;0.38128;0.37278;0.36620;0.36244;0.35726;0.34989;0.33502;0.31981;0.30319;0.28489;0.26985;0.25933;0.25162;0.24460;0.23627;0.22823;0.22185;0.21624;0.21096;0.20552;0.19894;0.19161;0.18366;0.17634;0.17069;0.16727;0.16529;0.16251;0.15813;0.15293;0.14827;0.14961;0.15269;0.15349;0.14957;0.14271;0.13458;0.13043;0.12521;0.12163;0.12518;0.12841;0.13419
-0.08603;-0.00591;-0.00558;-0.03051;-0.05511;-0.07011;-0.06702;-0.03397;0.03712;0.11845;0.19119;0.25063;0.29713;0.32657;0.34372;0.36109;0.35368;0.34531;0.33963;0.33662;0.33192;0.32588;0.31218;0.29782;0.28281;0.26583;0.25171;0.24230;0.23561;0.22949;0.22225;0.21526;0.20993;0.20522;0.20111;0.19671;0.19132;0.18509;0.17810;0.17153;0.16683;0.16357;0.16166;0.15931;0.15579;0.15127;0.14817;0.14815;0.14978;0.14978;0.14547;0.13848;0.13358;0.12745;0.12074;0.12291;0.11761;0.12752;0.13602
0.02391;0.04864;0.03215;0.01041;-0.01484;-0.03396;-0.02813;0.00756;0.07353;0.15716;0.23262;0.29221;0.33791;0.36647;0.38237;0.39811;0.38929;0.37960;0.37203;0.36769;0.36138;0.35286;0.33703;0.32114;0.30409;0.28536;0.26998;0.25891;0.25069;0.24318;0.23448;0.22591;0.21915;0.21300;0.20743;0.20168;0.19513;0.18751;0.17950;0.17215;0.16668;0.16376;0.16255;0.16020;0.15614;0.15126;0.14751;0.14985;0.15460;0.15594;0.15296;0.14565;0.13805;0.13509;0.12740;0.12712;0.13348;0.12850;0.14835
-0.10894;0.01451;0.02468;-0.02334;-0.03579;-0.03432;-0.03717;0.00337;0.08222;0.16377;0.23603;0.29581;0.33945;0.36604;0.38089;0.39616;0.38603;0.37582;0.36824;0.36301;0.35608;0.34810;0.33236;0.31604;0.29900;0.28023;0.26418;0.25310;0.24479;0.23693;0.22819;0.21984;0.21295;0.20689;0.20180;0.19601;0.18931;0.18232;0.17441;0.16670;0.16191;0.15837;0.15620;0.15461;0.15023;0.14459;0.14285;0.14347;0.14635;0.14857;0.14273;0.13514;0.13319;0.12075;0.11811;0.11810;0.10473;0.12439;0.12690
-0.07560;0.00826;0.00681;-0.01931;-0.03965;-0.05084;-0.04223;-0.00543;0.06924;0.15550;0.23069;0.29120;0.33658;0.36407;0.37970;0.39523;0.38590;0.37645;0.36941;0.36478;0.35889;0.35082;0.33535;0.31951;0.30242;0.28381;0.26850;0.25768;0.24941;0.24185;0.23319;0.22468;0.21775;0.21147;0.20578;0.19969;0.19270;0.18486;0.17647;0.16866;0.16292;0.15932;0.15752;0.15511;0.15041;0.14498;0.14130;0.14320;0.14768;0.14976;0.14518;0.13848;0.13220;0.12376;0.11889;0.11983;0.10930;0.11734;0.12652
-0.04236;0.03817;0.02898;0.00421;-0.00936;-0.02653;-0.01916;0.02437;0.09714;0.18338;0.25724;0.31587;0.35940;0.38612;0.40064;0.41474;0.40512;0.39489;0.38686;0.38163;0.37529;0.36683;0.35091;0.33509;0.31779;0.29896;0.28321;0.27191;0.26305;0.25516;0.24607;0.23717;0.23009;0.22385;0.21783;0.21191;0.20506;0.19721;0.18907;0.18182;0.17551;0.17214;0.17005;0.16663;0.16237;0.15734;0.15310;0.15471;0.15821;0.15794;0.15389;0.14683;0.13838;0.13403;0.12820;0.12308;0.12866;0.12376;0.13880
-0.05351;0.03582;0.03335;0.00254;-0.01783;-0.02714;-0.01905;0.02421;0.10306;0.19228;0.27045;0.33323;0.37899;0.40661;0.42175;0.43652;0.42538;0.41447;0.40614;0.40032;0.39291;0.38450;0.36795;0.35170;0.33494;0.31593;0.29996;0.28862;0.27968;0.27121;0.26196;0.25282;0.24534;0.23883;0.23255;0.22622;0.21911;0.21115;0.20274;0.19523;0.18920;0.18537;0.18292;0.17975;0.17540;0.16984;0.16632;0.16645;0.17005;0.16961;0.16589;0.15872;0.15239;0.14407;0.14167;0.13574;0.13440;0.14526;0.14348
-0.08264;0.02414;0.02513;-0.01217;-0.02884;-0.03500;-0.03378;0.00687;0.08572;0.17061;0.24495;0.30665;0.35239;0.37992;0.39585;0.41169;0.40202;0.39205;0.38541;0.38105;0.37456;0.36681;0.35108;0.33506;0.31895;0.30100;0.28576;0.27532;0.26764;0.26001;0.25156;0.24328;0.23652;0.23052;0.22523;0.21934;0.21268;0.20550;0.19744;0.19018;0.18513;0.18195;0.17999;0.17823;0.17417;0.16868;0.16639;0.16802;0.17113;0.17316;0.16736;0.16116;0.15627;0.14462;0.14192;0.14106;0.12931;0.14772;0.14782
-0.08721;0.02686;0.02093;-0.01334;-0.02859;-0.04149;-0.03832;0.00246;0.07740;0.16169;0.23722;0.29776;0.34231;0.36898;0.38398;0.39855;0.38854;0.37886;0.37161;0.36660;0.36006;0.35163;0.33522;0.31881;0.30146;0.28232;0.26649;0.25537;0.24678;0.23866;0.22986;0.22078;0.21354;0.20709;0.20110;0.19482;0.18791;0.18019;0.17167;0.16427;0.15874;0.15556;0.15416;0.15212;0.14776;0.14294;0.14036;0.14254;0.14746;0.14901;0.14431;0.13834;0.13181;0.12337;0.11944;0.11616;0.11403;0.12161;0.12552
-0.06601;0.02180;0.00686;-0.01962;-0.03481;-0.05126;-0.04846;-0.00777;0.06343;0.14593;0.22040;0.28026;0.32482;0.35341;0.36983;0.38545;0.37753;0.36925;0.36258;0.35884;0.35375;0.34689;0.33248;0.31737;0.30074;0.28238;0.26766;0.25740;0.24967;0.24284;0.23481;0.22674;0.22059;0.21525;0.20989;0.20461;0.19861;0.19106;0.18325;0.17616;0.17030;0.16678;0.16492;0.16143;0.15755;0.15283;0.14809;0.14820;0.15143;0.15044;0.14648;0.14188;0.13237;0.12926;0.12692;0.12027;0.13025;0.12744;0.13335
-0.08953;0.01369;0.01808;-0.01428;-0.03344;-0.03546;-0.03757;0.00108;0.07911;0.16024;0.23365;0.29505;0.34003;0.36753;0.38420;0.40016;0.39111;0.38211;0.37542;0.37132;0.36562;0.35846;0.34344;0.32796;0.31173;0.29351;0.27824;0.26770;0.25988;0.25232;0.24397;0.23567;0.22910;0.22335;0.21786;0.21198;0.20546;0.19786;0.18975;0.18238;0.17652;0.17242;0.16998;0.16673;0.16224;0.15705;0.15255;0.15207;0.15496;0.15504;0.14976;0.14449;0.13682;0.12834;0.12836;0.12421;0.11732;0.13419;0.12780
0.02591;0.05542;0.03547;0.01469;-0.01214;-0.02937;-0.02550;0.01210;0.07445;0.15568;0.22921;0.28888;0.33418;0.36329;0.37944;0.39500;0.38706;0.37799;0.37106;0.36724;0.36183;0.35401;0.33878;0.32332;0.30660;0.28822;0.27344;0.26294;0.25505;0.24799;0.23975;0.23125;0.22484;0.21909;0.21354;0.20799;0.20168;0.19382;0.18580;0.17877;0.17260;0.16954;0.16838;0.16505;0.16121;0.15616;0.15156;0.15379;0.15835;0.15790;0.15539;0.14944;0.13934;0.13792;0.13115;0.12737;0.14207;0.12936;0.14322
-0.07831;0.01813;0.02071;-0.00763;-0.02741;-0.03929;-0.03209;0.00670;0.07928;0.16207;0.23653;0.29626;0.34194;0.37040;0.38638;0.40211;0.39337;0.38428;0.37750;0.37334;0.36729;0.35960;0.34404;0.32825;0.31164;0.29327;0.27788;0.26707;0.25892;0.25118;0.24246;0.23371;0.22668;0.22028;0.21445;0.20826;0.20122;0.19332;0.18496;0.17715;0.17137;0.16789;0.16588;0.16340;0.15883;0.15320;0.14959;0.15141;0.15576;0.15688;0.15304;0.14545;0.13946;0.13142;0.12772;0.12619;0.12122;0.12867;0.13880
-0.07469;0.01858;0.01595;-0.01267;-0.02845;-0.03972;-0.03725;0.00600;0.08088;0.16461;0.23935;0.29911;0.34395;0.37092;0.38588;0.40085;0.39150;0.38177;0.37449;0.36977;0.36359;0.35520;0.33932;0.32340;0.30661;0.28784;0.27224;0.26124;0.25294;0.24513;0.23632;0.22753;0.22067;0.21449;0.20882;0.20295;0.19627;0.18884;0.18079;0.17336;0.16777;0.16474;0.16251;0.16006;0.15616;0.15096;0.14740;0.14925;0.15188;0.15251;0.14871;0.14143;0.13254;0.12877;0.12171;0.11945;0.11961;0.12662;0.12871
-0.04810;0.03011;0.01841;-0.00594;-0.02392;-0.03668;-0.02948;0.00859;0.08189;0.16546;0.23970;0.29891;0.34279;0.37024;0.38576;0.39994;0.39117;0.38217;0.37496;0.37058;0.36454;0.35598;0.34020;0.32467;0.30758;0.28910;0.27381;0.26293;0.25466;0.24730;0.23877;0.23020;0.22371;0.21772;0.21236;0.20670;0.20034;0.19276;0.18486;0.17780;0.17212;0.16870;0.16694;0.16425;0.15993;0.15527;0.15061;0.15156;0.15525;0.15525;0.15146;0.14523;0.13606;0.13179;0.12693;0.12366;0.12784;0.12450;0.13613
-0.07507;0.02611;0.01117;-0.02095;-0.03309;-0.05122;-0.04617;-0.00491;0.06768;0.14992;0.22544;0.28496;0.32937;0.35737;0.37304;0.38805;0.37928;0.37034;0.36326;0.35937;0.35350;0.34511;0.32941;0.31365;0.29666;0.27783;0.26274;0.25211;0.24411;0.23703;0.22890;0.22050;0.21420;0.20863;0.20332;0.19794;0.19194;0.18438;0.17662;0.16977;0.16430;0.16127;0.16014;0.15749;0.15342;0.14901;0.14456;0.14658;0.15130;0.15068;0.14740;0.14164;0.13105;0.12782;0.12340;0.11604;0.12665;0.11818;0.12741
-0.08228;-0.00809;-0.01610;-0.01963;-0.04999;-0.06589;-0.05107;-0.01422;0.05445;0.14218;0.21693;0.27622;0.32234;0.35170;0.36794;0.38422;0.37624;0.36773;0.36108;0.35766;0.35270;0.34529;0.33087;0.31638;0.30029;0.28259;0.26838;0.25814;0.25063;0.24396;0.23600;0.22816;0.22219;0.21689;0.21178;0.20665;0.20074;0.19341;0.18590;0.17902;0.17322;0.16987;0.16760;0.16437;0.16066;0.15594;0.15174;0.15246;0.15431;0.15291;0.14921;0.14216;0.13380;0.13088;0.12214;0.12017;0.12662;0.11555;0.14429
-0.15656;0.00680;0.00322;-0.04536;-0.04955;-0.05257;-0.06195;-0.02214;0.05724;0.13651;0.20938;0.27186;0.31748;0.34526;0.36322;0.38063;0.37140;0.36323;0.35799;0.35391;0.34844;0.34237;0.32806;0.31333;0.29840;0.28129;0.26678;0.25736;0.25044;0.24359;0.23610;0.22885;0.22283;0.21770;0.21316;0.20811;0.20204;0.19548;0.18794;0.18079;0.17586;0.17189;0.16952;0.16732;0.16271;0.15672;0.15406;0.15217;0.15412;0.15571;0.14828;0.14294;0.14181;0.12601;0.12917;0.12802;0.11118;0.14109;0.12458
-0.06245;0.01751;0.02350;-0.00285;-0.02633;-0.03745;-0.03355;0.00647;0.07984;0.16500;0.23961;0.29946;0.34450;0.37171;0.38679;0.40172;0.39234;0.38225;0.37492;0.37050;0.36404;0.35577;0.34003;0.32369;0.30657;0.28795;0.27213;0.26111;0.25296;0.24521;0.23651;0.22811;0.22138;0.21545;0.21004;0.20435;0.19778;0.19037;0.18246;0.17512;0.16987;0.16629;0.16441;0.16199;0.15765;0.15247;0.14941;0.15037;0.15357;0.15437;0.14977;0.14359;0.13638;0.12930;0.12366;0.12375;0.11883;0.12563;0.14052
-0.08868;0.03102;0.02386;-0.01858;-0.02806;-0.03138;-0.03483;0.00677;0.08782;0.16864;0.24327;0.30603;0.35121;0.37784;0.39486;0.41034;0.40048;0.39141;0.38524;0.38017;0.37414;0.36721;0.35193;0.33640;0.32083;0.30303;0.28794;0.27775;0.27001;0.26245;0.25421;0.24608;0.23923;0.23334;0.22797;0.22198;0.21546;0.20830;0.19977;0.19247;0.18720;0.18300;0.18041;0.17823;0.17301;0.16778;0.16408;0.16285;0.16578;0.16704;0.15990;0.15526;0.15111;0.13726;0.14086;0.13775;0.12354;0.15658;0.14653
-0.07442;0.01393;0.01335;-0.01262;-0.03271;-0.04514;-0.03696;0.00315;0.08017;0.16661;0.24284;0.30445;0.35038;0.37821;0.39450;0.41013;0.40036;0.39066;0.38333;0.37848;0.37195;0.36299;0.34666;0.33012;0.31267;0.29356;0.27763;0.26639;0.25788;0.25001;0.24104;0.23225;0.22534;0.21909;0.21346;0.20756;0.20059;0.19295;0.18478;0.17717;0.17153;0.16803;0.16566;0.16316;0.15872;0.15309;0.14892;0.14992;0.15382;0.15412;0.15019;0.14375;0.13658;0.13024;0.12412;0.12204;0.11851;0.12046;0.13148
-0.04854;0.09498;0.04077;-0.01198;-0.00012;-0.01646;-0.03028;0.01946;0.09795;0.17501;0.25206;0.31601;0.36108;0.38872;0.40656;0.42211;0.41150;0.40228;0.39526;0.39004;0.38374;0.37536;0.35861;0.34251;0.32584;0.30681;0.29125;0.28067;0.27222;0.26447;0.25604;0.24721;0.24014;0.23439;0.22855;0.22228;0.21587;0.20810;0.19931;0.19225;0.18660;0.18255;0.18174;0.17911;0.17354;0.16941;0.16517;0.16535;0.17181;0.17250;0.16637;0.16404;0.15489;0.14564;0.14905;0.14023;0.13653;0.16262;0.14267
-0.09783;0.01421;0.01248;-0.01184;-0.03336;-0.03861;-0.03524;0.00576;0.08247;0.16862;0.24525;0.30663;0.35164;0.37958;0.39488;0.40951;0.39956;0.38940;0.38106;0.37626;0.36979;0.36148;0.34583;0.32966;0.31260;0.29376;0.27801;0.26673;0.25821;0.25003;0.24085;0.23183;0.22455;0.21804;0.21207;0.20579;0.19891;0.19106;0.18267;0.17509;0.16935;0.16588;0.16416;0.16178;0.15736;0.15249;0.14960;0.15124;0.15525;0.15603;0.15151;0.14486;0.13733;0.12924;0.12462;0.12234;0.11338;0.12253;0.12933
-0.06074;0.04110;0.02095;-0.00813;-0.02214;-0.03931;-0.03571;0.00875;0.08400;0.16708;0.24379;0.30451;0.34872;0.37649;0.39182;0.40579;0.39601;0.38628;0.37860;0.37353;0.36741;0.35914;0.34308;0.32713;0.31025;0.29131;0.27589;0.26495;0.25623;0.24848;0.23973;0.23054;0.22337;0.21702;0.21070;0.20426;0.19751;0.18903;0.18043;0.17318;0.16694;0.16350;0.16268;0.15975;0.15469;0.15023;0.14585;0.14812;0.15465;0.15425;0.15060;0.14620;0.13469;0.13125;0.12626;0.11604;0.12494;0.12617;0.12820
-0.10933;0.03354;0.01839;-0.02031;-0.02567;-0.03848;-0.04224;0.00198;0.07850;0.15763;0.23183;0.29227;0.33598;0.36219;0.37789;0.39168;0.38172;0.37208;0.36400;0.35842;0.35179;0.34333;0.32727;0.31097;0.29342;0.27413;0.25828;0.24714;0.23851;0.23073;0.22208;0.21324;0.20622;0.20020;0.19460;0.18880;0.18245;0.17524;0.16705;0.16020;0.15532;0.15261;0.15206;0.15058;0.14643;0.14229;0.14028;0.14254;0.14879;0.14954;0.14432;0.13890;0.13008;0.12233;0.12085;0.11389;0.11736;0.12586;0.12276
-0.06005;0.01895;0.01351;-0.00727;-0.03378;-0.04568;-0.03927;0.00059;0.07150;0.15793;0.23227;0.29268;0.33883;0.36732;0.38339;0.39928;0.39052;0.38123;0.37422;0.36997;0.36385;0.35612;0.34079;0.32516;0.30846;0.29014;0.27474;0.26371;0.25557;0.24803;0.23934;0.23094;0.22436;0.21841;0.21312;0.20754;0.20093;0.19383;0.18604;0.17859;0.17331;0.17005;0.16767;0.16554;0.16144;0.15565;0.15321;0.15397;0.15622;0.15786;0.15355;0.14495;0.14202;0.13305;0.12533;0.12692;0.12278;0.12562;0.13938
-0.07739;0.02399;0.01420;-0.01311;-0.02966;-0.04336;-0.03696;0.00491;0.07669;0.16122;0.23484;0.29506;0.33986;0.36754;0.38291;0.39875;0.38937;0.37965;0.37252;0.36827;0.36215;0.35424;0.33906;0.32335;0.30631;0.28768;0.27248;0.26150;0.25345;0.24595;0.23730;0.22882;0.22207;0.21575;0.21017;0.20428;0.19754;0.18974;0.18175;0.17407;0.16853;0.16517;0.16303;0.16102;0.15649;0.15102;0.14740;0.14927;0.15269;0.15499;0.15028;0.14361;0.13632;0.13051;0.12295;0.12203;0.12576;0.12536;0.13865
-0.00886;0.04973;0.03957;0.00934;-0.01131;-0.02391;-0.02679;0.01252;0.08333;0.16527;0.23908;0.30097;0.34817;0.37749;0.39473;0.41186;0.40332;0.39482;0.38856;0.38469;0.37916;0.37221;0.35732;0.34200;0.32576;0.30789;0.29291;0.28266;0.27502;0.26784;0.25975;0.25174;0.24542;0.23983;0.23487;0.22931;0.22277;0.21564;0.20778;0.20022;0.19482;0.19095;0.18815;0.18567;0.18127;0.17557;0.17161;0.17147;0.17341;0.17385;0.16918;0.16305;0.15813;0.15013;0.14864;0.14729;0.14440;0.15809;0.15669
-0.08325;0.00464;0.00888;-0.01377;-0.03191;-0.04151;-0.03024;0.01146;0.08646;0.17033;0.24374;0.30382;0.34927;0.37716;0.39356;0.40974;0.40045;0.39128;0.38465;0.38041;0.37464;0.36676;0.35142;0.33599;0.31950;0.30126;0.28614;0.27540;0.26735;0.25990;0.25131;0.24295;0.23630;0.23027;0.22484;0.21919;0.21250;0.20519;0.19718;0.18975;0.18425;0.18040;0.17787;0.17494;0.17053;0.16478;0.16078;0.16024;0.16280;0.16271;0.15813;0.15142;0.14440;0.13678;0.12965;0.12931;0.12598;0.12855;0.14024
-0.07692;0.01464;0.01378;-0.01099;-0.03177;-0.04297;-0.03865;0.00389;0.07457;0.15731;0.23221;0.29169;0.33726;0.36570;0.38169;0.39693;0.38901;0.37987;0.37278;0.36926;0.36379;0.35591;0.34110;0.32607;0.30971;0.29185;0.27697;0.26645;0.25841;0.25112;0.24261;0.23401;0.22724;0.22111;0.21529;0.20938;0.20260;0.19470;0.18643;0.17892;0.17289;0.16957;0.16761;0.16461;0.16032;0.15515;0.15080;0.15272;0.15728;0.15682;0.15399;0.14662;0.13722;0.13366;0.12707;0.12281;0.12822;0.12295;0.13352
-0.05915;0.00827;0.01856;-0.00346;-0.03117;-0.03578;-0.02567;0.01208;0.08192;0.16352;0.23542;0.29361;0.33741;0.36476;0.38034;0.39574;0.38635;0.37663;0.36915;0.36443;0.35800;0.35021;0.33492;0.31866;0.30109;0.28207;0.26604;0.25450;0.24576;0.23751;0.22817;0.21932;0.21186;0.20537;0.19939;0.19328;0.18611;0.17854;0.17007;0.16238;0.15680;0.15327;0.15115;0.14900;0.14467;0.13926;0.13693;0.13857;0.14215;0.14296;0.13872;0.13169;0.12566;0.11701;0.11149;0.11319;0.10799;0.11539;0.13272
-0.06434;0.00972;0.01717;-0.00784;-0.02889;-0.03737;-0.02954;0.00993;0.08308;0.16784;0.24248;0.30259;0.34729;0.37476;0.38992;0.40449;0.39489;0.38503;0.37742;0.37260;0.36653;0.35875;0.34356;0.32770;0.31147;0.29327;0.27810;0.26725;0.25896;0.25129;0.24265;0.23421;0.22744;0.22142;0.21599;0.21032;0.20370;0.19658;0.18866;0.18145;0.17605;0.17276;0.17063;0.16798;0.16355;0.15860;0.15552;0.15663;0.15966;0.15979;0.15533;0.14797;0.14219;0.13492;0.12894;0.12776;0.12774;0.12719;0.14019
-0.09140;0.01242;0.00980;-0.01294;-0.03642;-0.04356;-0.04268;-0.00011;0.07303;0.15634;0.23153;0.29243;0.33730;0.36509;0.38074;0.39636;0.38736;0.37786;0.37128;0.36711;0.36161;0.35391;0.33855;0.32281;0.30630;0.28784;0.27261;0.26186;0.25377;0.24613;0.23748;0.22867;0.22164;0.21529;0.20929;0.20303;0.19599;0.18788;0.17949;0.17159;0.16576;0.16243;0.16101;0.15841;0.15377;0.14854;0.14503;0.14796;0.15312;0.15394;0.15006;0.14378;0.13512;0.13016;0.12451;0.11963;0.11868;0.12656;0.12926
-0.09712;0.02098;0.01287;-0.01521;-0.02764;-0.04302;-0.03622;0.00820;0.08376;0.17057;0.24685;0.30773;0.35331;0.38091;0.39617;0.41087;0.40079;0.39063;0.38287;0.37757;0.37050;0.36138;0.34474;0.32791;0.31005;0.29029;0.27397;0.26215;0.25310;0.24457;0.23504;0.22562;0.21793;0.21109;0.20487;0.19816;0.19102;0.18283;0.17418;0.16654;0.16093;0.15767;0.15656;0.15461;0.15012;0.14521;0.14318;0.14622;0.15179;0.15336;0.14864;0.14220;0.13490;0.12592;0.12056;0.12037;0.11201;0.11950;0.12986
-0.07520;0.02258;0.01893;-0.01033;-0.02995;-0.03687;-0.03592;0.00552;0.07975;0.16066;0.23255;0.29133;0.33480;0.36114;0.37601;0.39062;0.38127;0.37158;0.36431;0.35939;0.35257;0.34420;0.32847;0.31163;0.29401;0.27484;0.25878;0.24768;0.23934;0.23145;0.22275;0.21407;0.20714;0.20106;0.19550;0.18973;0.18318;0.17585;0.16774;0.16051;0.15531;0.15252;0.15149;0.14954;0.14543;0.14067;0.13838;0.14073;0.14550;0.14698;0.14231;0.13632;0.12995;0.12088;0.11814;0.11529;0.11324;0.12313;0.12883
0.00427;0.04145;0.04566;0.00951;-0.01921;-0.02297;-0.02647;0.00657;0.08130;0.16471;0.23884;0.30031;0.34544;0.37206;0.38756;0.40291;0.39233;0.38227;0.37463;0.36925;0.36167;0.35263;0.33593;0.31850;0.30116;0.28194;0.26552;0.25403;0.24552;0.23717;0.22800;0.21927;0.21188;0.20540;0.19974;0.19376;0.18685;0.17982;0.17167;0.16409;0.15985;0.15751;0.15664;0.15609;0.15219;0.14688;0.14633;0.15018;0.15505;0.15987;0.15420;0.14713;0.14372;0.13287;0.13067;0.13187;0.11736;0.14475;0.14428
-0.05518;0.01372;0.02792;-0.00420;-0.02730;-0.03243;-0.02739;0.01269;0.08982;0.17561;0.25141;0.31137;0.35601;0.38279;0.39702;0.41069;0.40042;0.38944;0.38106;0.37544;0.36757;0.35792;0.34104;0.32389;0.30603;0.28667;0.27012;0.25831;0.24934;0.24102;0.23156;0.22249;0.21488;0.20821;0.20236;0.19632;0.18918;0.18177;0.17362;0.16613;0.16096;0.15857;0.15703;0.15559;0.15173;0.14622;0.14419;0.14782;0.15228;0.15497;0.15052;0.14231;0.13657;0.12764;0.12151;0.12283;0.11772;0.12485;0.13800
-0.04533;0.02526;0.01937;-0.00017;-0.02194;-0.03561;-0.02448;0.01596;0.08858;0.17482;0.25231;0.31167;0.35666;0.38456;0.39902;0.41344;0.40383;0.39375;0.38579;0.38108;0.37398;0.36480;0.34806;0.33159;0.31420;0.29498;0.27930;0.26788;0.25910;0.25124;0.24220;0.23300;0.22591;0.21941;0.21321;0.20709;0.20025;0.19190;0.18375;0.17605;0.16997;0.16699;0.16548;0.16238;0.15848;0.15301;0.14866;0.15143;0.15645;0.15620;0.15400;0.14598;0.13770;0.13465;0.12626;0.12246;0.13403;0.11684;0.13675
-0.07119;0.02706;0.03234;0.00126;-0.02530;-0.02975;-0.02503;0.01554;0.09584;0.18276;0.25932;0.32313;0.37129;0.40018;0.41664;0.43260;0.42225;0.41174;0.40430;0.39901;0.39163;0.38269;0.36625;0.34998;0.33321;0.31445;0.29861;0.28759;0.27928;0.27121;0.26224;0.25354;0.24631;0.23979;0.23409;0.22782;0.22043;0.21291;0.20440;0.19620;0.19107;0.18761;0.18501;0.18342;0.17876;0.17218;0.16961;0.17124;0.17513;0.17805;0.17206;0.16428;0.16113;0.14927;0.14489;0.14517;0.13640;0.14897;0.15438
-0.08147;0.02178;0.03477;-0.00662;-0.02735;-0.02603;-0.02656;0.01232;0.09331;0.17685;0.25018;0.31285;0.35953;0.38675;0.40312;0.41963;0.40890;0.39838;0.39150;0.38618;0.37831;0.37006;0.35379;0.33659;0.32007;0.30137;0.28495;0.27409;0.26593;0.25764;0.24866;0.24013;0.23277;0.22632;0.22083;0.21437;0.20721;0.19994;0.19128;0.18331;0.17842;0.17462;0.17224;0.17089;0.16594;0.15942;0.15738;0.15789;0.16182;0.16600;0.15824;0.15147;0.15028;0.13235;0.13418;0.13723;0.10745;0.14599;0.14946
0.02676;0.08008;0.04601;0.02343;0.00875;-0.01241;-0.01029;0.03352;0.10308;0.18742;0.26437;0.32381;0.36903;0.39781;0.41269;0.42689;0.41712;0.40717;0.39850;0.39368;0.38664;0.37685;0.36009;0.34424;0.32658;0.30722;0.29164;0.28016;0.27118;0.26329;0.25411;0.24453;0.23741;0.23097;0.22433;0.21807;0.21124;0.20259;0.19421;0.18713;0.18042;0.17685;0.17571;0.17181;0.16747;0.16317;0.15743;0.15911;0.16453;0.16375;0.16132;0.15569;0.14285;0.14314;0.13835;0.13056;0.14993;0.13662;0.14438
-0.03424;0.02403;0.01827;0.00494;-0.02138;-0.03891;-0.02314;0.01893;0.08785;0.17579;0.25182;0.31114;0.35729;0.38652;0.40217;0.41801;0.40861;0.39858;0.39085;0.38675;0.38008;0.37129;0.35499;0.33926;0.32180;0.30271;0.28717;0.27598;0.26747;0.25982;0.25077;0.24176;0.23501;0.22856;0.22259;0.21661;0.20950;0.20140;0.19352;0.18547;0.17932;0.17603;0.17380;0.17051;0.16664;0.16071;0.15601;0.15797;0.16067;0.16123;0.15870;0.15046;0.14227;0.13984;0.13058;0.12701;0.13934;0.12138;0.14250
0.03996;0.02191;0.02840;0.02631;-0.02310;-0.04073;-0.02286;0.00356;0.06516;0.15188;0.22635;0.28428;0.33002;0.35944;0.37384;0.38874;0.38176;0.37204;0.36461;0.36156;0.35559;0.34705;0.33204;0.31641;0.29910;0.28078;0.26595;0.25495;0.24696;0.23997;0.23137;0.22298;0.21674;0.21090;0.20545;0.20028;0.19396;0.18643;0.17933;0.17219;0.16652;0.16429;0.16271;0.16001;0.15732;0.15212;0.14863;0.15242;0.15561;0.15506;0.15370;0.14504;0.13760;0.13751;0.12477;0.12658;0.14208;0.11606;0.15322
-0.12114;0.03089;0.02068;-0.02836;-0.03053;-0.03959;-0.04294;0.00100;0.07955;0.15833;0.23172;0.29291;0.33684;0.36349;0.38023;0.39596;0.38640;0.37800;0.37160;0.36726;0.36158;0.35425;0.33841;0.32268;0.30652;0.28806;0.27286;0.26252;0.25442;0.24701;0.23881;0.23051;0.22376;0.21806;0.21267;0.20682;0.20046;0.19294;0.18471;0.17756;0.17200;0.16811;0.16630;0.16345;0.15877;0.15377;0.14959;0.14958;0.15353;0.15401;0.14938;0.14402;0.13707;0.12849;0.12680;0.11918;0.11776;0.13238;0.12120
-0.00039;0.05588;0.03450;0.00340;-0.01769;-0.03078;-0.03292;0.00234;0.07303;0.15479;0.22875;0.28923;0.33511;0.36313;0.37969;0.39547;0.38635;0.37707;0.37000;0.36570;0.35994;0.35212;0.33661;0.32125;0.30451;0.28604;0.27097;0.26034;0.25244;0.24512;0.23695;0.22863;0.22222;0.21669;0.21143;0.20596;0.19986;0.19261;0.18483;0.17789;0.17280;0.16963;0.16819;0.16592;0.16190;0.15747;0.15410;0.15532;0.15939;0.15991;0.15588;0.15072;0.14379;0.13813;0.13380;0.13092;0.13254;0.14557;0.14687
-0.07880;0.00038;0.01058;-0.01440;-0.04182;-0.05164;-0.04286;-0.00712;0.06644;0.15309;0.22903;0.29044;0.33770;0.36679;0.38362;0.40009;0.39095;0.38132;0.37402;0.36997;0.36380;0.35601;0.34048;0.32458;0.30745;0.28883;0.27322;0.26239;0.25458;0.24705;0.23855;0.23038;0.22404;0.21821;0.21315;0.20789;0.20130;0.19445;0.18684;0.17919;0.17433;0.17106;0.16871;0.16691;0.16308;0.15793;0.15489;0.15619;0.15844;0.16040;0.15574;0.14785;0.14330;0.13729;0.12791;0.13272;0.12107;0.13006;0.14973
-0.06911;0.01592;0.00507;-0.01758;-0.03492;-0.05052;-0.04182;-0.00224;0.07167;0.15745;0.23276;0.29309;0.33791;0.36521;0.38060;0.39511;0.38560;0.37584;0.36809;0.36307;0.35667;0.34828;0.33260;0.31661;0.29971;0.28099;0.26550;0.25446;0.24618;0.23836;0.22982;0.22108;0.21431;0.20832;0.20275;0.19713;0.19065;0.18331;0.17529;0.16810;0.16283;0.16007;0.15885;0.15690;0.15285;0.14831;0.14544;0.14854;0.15315;0.15423;0.14997;0.14264;0.13522;0.12949;0.12312;0.12182;0.12316;0.12097;0.13527
-0.08480;0.03013;0.01996;-0.01943;-0.03295;-0.03745;-0.04001;-0.00096;0.07823;0.15716;0.22993;0.29192;0.33623;0.36239;0.37966;0.39535;0.38573;0.37705;0.37099;0.36654;0.36096;0.35403;0.33873;0.32313;0.30713;0.28906;0.27377;0.26363;0.25597;0.24850;0.24041;0.23233;0.22568;0.22006;0.21479;0.20891;0.20252;0.19520;0.18701;0.17960;0.17417;0.17011;0.16823;0.16562;0.16059;0.15553;0.15146;0.15133;0.15526;0.15648;0.15050;0.14578;0.13907;0.12913;0.12953;0.12260;0.11726;0.14339;0.12356
-0.06080;0.01635;0.02595;-0.01039;-0.03434;-0.04010;-0.03551;0.00312;0.08140;0.16745;0.24419;0.30694;0.35426;0.38284;0.39940;0.41541;0.40577;0.39613;0.38916;0.38462;0.37810;0.36992;0.35395;0.33784;0.32106;0.30243;0.28677;0.27587;0.26767;0.25989;0.25096;0.24235;0.23519;0.22885;0.22311;0.21693;0.20969;0.20205;0.19355;0.18562;0.18002;0.17631;0.17424;0.17196;0.16739;0.16117;0.15787;0.15877;0.16254;0.16422;0.15951;0.15229;0.14774;0.13784;0.13345;0.13402;0.13179;0.13256;0.14288
-0.08721;0.01386;0.01174;-0.01369;-0.03272;-0.04251;-0.03557;0.00575;0.07960;0.16091;0.23452;0.29331;0.33691;0.36403;0.37938;0.39424;0.38499;0.37503;0.36754;0.36282;0.35647;0.34836;0.33262;0.31675;0.29984;0.28127;0.26567;0.25465;0.24644;0.23872;0.23022;0.22166;0.21502;0.20910;0.20377;0.19826;0.19184;0.18458;0.17679;0.16981;0.16450;0.16165;0.16011;0.15787;0.15408;0.14941;0.14639;0.14907;0.15292;0.15330;0.14974;0.14327;0.13370;0.12914;0.12416;0.11980;0.11876;0.12661;0.13200
0.00262;0.05378;0.03229;0.00314;-0.01578;-0.02977;-0.03178;0.00659;0.07499;0.15317;0.22589;0.28593;0.33048;0.35896;0.37560;0.39164;0.38316;0.37445;0.36746;0.36383;0.35831;0.35059;0.33526;0.32002;0.30350;0.28508;0.27020;0.25987;0.25198;0.24504;0.23691;0.22873;0.22238;0.21688;0.21146;0.20603;0.19983;0.19238;0.18458;0.17745;0.17193;0.16869;0.16733;0.16461;0.16030;0.15535;0.15106;0.15173;0.15681;0.15647;0.15383;0.14793;0.13857;0.13678;0.13108;0.12627;0.13281;0.12840;0.14561
-0.05588;0.05560;0.01614;-0.00773;-0.01438;-0.03415;-0.02854;0.02169;0.09484;0.17763;0.25469;0.31552;0.36036;0.38810;0.40272;0.41679;0.40569;0.39484;0.38619;0.38117;0.37403;0.36423;0.34729;0.33043;0.31235;0.29269;0.27693;0.26548;0.25666;0.24878;0.23986;0.23069;0.22375;0.21757;0.21160;0.20567;0.19937;0.19155;0.18363;0.17698;0.17129;0.16889;0.16884;0.16618;0.16218;0.15863;0.15481;0.15819;0.16416;0.16397;0.16043;0.15609;0.14264;0.14137;0.13471;0.12583;0.13470;0.13542;0.12737
-0.06422;0.02106;0.01273;-0.00524;-0.02641;-0.04552;-0.03507;0.00473;0.07465;0.15896;0.23407;0.29419;0.34004;0.36875;0.38464;0.40002;0.39121;0.38182;0.37469;0.37081;0.36488;0.35640;0.34065;0.32513;0.30793;0.28934;0.27454;0.26397;0.25607;0.24894;0.24079;0.23229;0.22594;0.22026;0.21466;0.20905;0.20276;0.19498;0.18703;0.18016;0.17432;0.17120;0.17049;0.16734;0.16313;0.15898;0.15337;0.15558;0.16109;0.16070;0.15744;0.15215;0.14039;0.13884;0.13220;0.12589;0.13055;0.12528;0.12996
-0.10439;0.01231;0.01497;-0.01751;-0.03679;-0.04109;-0.03855;-0.00016;0.07541;0.15606;0.22804;0.28831;0.33382;0.36124;0.37798;0.39484;0.38533;0.37600;0.36969;0.36548;0.35977;0.35237;0.33700;0.32124;0.30501;0.28669;0.27135;0.26097;0.25330;0.24598;0.23771;0.22965;0.22306;0.21722;0.21211;0.20651;0.19985;0.19284;0.18484;0.17730;0.17248;0.16915;0.16709;0.16546;0.16090;0.15517;0.15238;0.15320;0.15655;0.15935;0.15403;0.14692;0.14348;0.13128;0.12969;0.12840;0.11254;0.13507;0.13276
-0.02222;0.05640;0.04197;-0.00258;-0.01481;-0.02069;-0.03047;0.00835;0.08362;0.16392;0.23918;0.30174;0.34728;0.37547;0.39212;0.40781;0.39788;0.38849;0.38119;0.37644;0.37010;0.36196;0.34561;0.32928;0.31247;0.29343;0.27778;0.26705;0.25870;0.25106;0.24251;0.23377;0.22671;0.22063;0.21479;0.20866;0.20171;0.19400;0.18533;0.17773;0.17245;0.16898;0.16783;0.16587;0.16084;0.15558;0.15218;0.15394;0.15983;0.16280;0.15779;0.15246;0.14608;0.13705;0.13524;0.13343;0.12539;0.14327;0.14303
-0.08218;0.01735;0.00531;-0.01905;-0.03584;-0.05046;-0.04587;-0.00476;0.06882;0.15504;0.23064;0.29123;0.33580;0.36327;0.37899;0.39426;0.38497;0.37551;0.36873;0.36488;0.35928;0.35151;0.33631;0.32085;0.30400;0.28562;0.27037;0.25962;0.25167;0.24397;0.23537;0.22659;0.21972;0.21359;0.20779;0.20177;0.19479;0.18698;0.17869;0.17096;0.16498;0.16114;0.15874;0.15576;0.15109;0.14585;0.14112;0.14122;0.14434;0.14435;0.14020;0.13363;0.12584;0.12108;0.11508;0.11084;0.10788;0.11715;0.12497
-0.07992;0.01101;0.00353;-0.02201;-0.04156;-0.05452;-0.05027;-0.01259;0.06127;0.14516;0.21945;0.28073;0.32684;0.35575;0.37254;0.38898;0.38089;0.37224;0.36628;0.36317;0.35838;0.35138;0.33655;0.32163;0.30527;0.28723;0.27245;0.26225;0.25486;0.24786;0.23981;0.23162;0.22521;0.21952;0.21414;0.20847;0.20196;0.19433;0.18623;0.17893;0.17328;0.16995;0.16838;0.16596;0.16131;0.15629;0.15179;0.15275;0.15671;0.15782;0.15227;0.14784;0.13967;0.13292;0.12719;0.12681;0.11995;0.13055;0.13441
-0.08707;0.00417;0.00740;-0.01973;-0.04219;-0.05046;-0.04661;-0.00697;0.06712;0.15143;0.22696;0.28744;0.33227;0.36018;0.37564;0.39077;0.38150;0.37181;0.36448;0.35954;0.35332;0.34528;0.32951;0.31357;0.29660;0.27774;0.26213;0.25107;0.24264;0.23490;0.22612;0.21749;0.21073;0.20477;0.19909;0.19350;0.18708;0.17965;0.17178;0.16456;0.15937;0.15663;0.15547;0.15336;0.14957;0.14512;0.14209;0.14508;0.14856;0.14971;0.14561;0.13953;0.13043;0.12480;0.11986;0.11773;0.11470;0.12257;0.11817
-0.01277;0.07100;0.05209;-0.00691;-0.01041;-0.01882;-0.02683;0.01069;0.08622;0.16283;0.23543;0.29750;0.34280;0.36927;0.38716;0.40384;0.39400;0.38515;0.37944;0.37515;0.36896;0.36202;0.34625;0.33024;0.31474;0.29678;0.28155;0.27145;0.26395;0.25649;0.24833;0.24041;0.23371;0.22790;0.22279;0.21686;0.21021;0.20316;0.19478;0.18720;0.18213;0.17846;0.17601;0.17420;0.16925;0.16315;0.16090;0.16066;0.16429;0.16698;0.16041;0.15493;0.15162;0.13802;0.14099;0.14030;0.12618;0.15798;0.14518
-0.04298;0.02937;0.02544;0.00098;-0.02544;-0.03289;-0.02851;0.00883;0.08722;0.17139;0.24702;0.30816;0.35424;0.38133;0.39717;0.41253;0.40215;0.39181;0.38417;0.37890;0.37160;0.36251;0.34582;0.32899;0.31154;0.29234;0.27622;0.26471;0.25618;0.24810;0.23906;0.23039;0.22338;0.21717;0.21165;0.20585;0.19901;0.19186;0.18376;0.17597;0.17112;0.16784;0.16535;0.16386;0.15918;0.15341;0.15132;0.15218;0.15522;0.15751;0.15159;0.14335;0.14047;0.12918;0.12514;0.12892;0.11751;0.12512;0.13879
-0.08997;0.02053;0.01355;-0.01321;-0.03145;-0.04497;-0.03766;-0.00091;0.07390;0.15785;0.23222;0.29342;0.33834;0.36644;0.38238;0.39831;0.38903;0.37963;0.37275;0.36855;0.36297;0.35561;0.34066;0.32524;0.30879;0.29029;0.27516;0.26468;0.25676;0.24959;0.24133;0.23309;0.22683;0.22140;0.21614;0.21088;0.20466;0.19753;0.18979;0.18278;0.17731;0.17391;0.17211;0.16913;0.16510;0.16040;0.15700;0.15777;0.16082;0.16053;0.15624;0.14935;0.14274;0.13657;0.13142;0.12805;0.13159;0.12823;0.14065
-0.09670;0.03592;0.00580;-0.01896;-0.02628;-0.04451;-0.04041;0.00193;0.07388;0.15415;0.22820;0.28769;0.33237;0.35985;0.37698;0.39234;0.38409;0.37577;0.36915;0.36550;0.36075;0.35351;0.33882;0.32420;0.30770;0.28956;0.27499;0.26483;0.25701;0.25024;0.24231;0.23403;0.22788;0.22250;0.21700;0.21149;0.20538;0.19760;0.18972;0.18291;0.17689;0.17300;0.17153;0.16790;0.16314;0.15934;0.15358;0.15340;0.15812;0.15613;0.15245;0.14811;0.13651;0.13555;0.12992;0.12246;0.13560;0.12869;0.13193
0.00671;0.04486;0.03056;-0.00286;-0.02468;-0.03344;-0.04006;-0.00653;0.06261;0.14112;0.21280;0.27447;0.32013;0.34886;0.36657;0.38330;0.37530;0.36725;0.36130;0.35789;0.35301;0.34620;0.33157;0.31651;0.30046;0.28261;0.26808;0.25810;0.25093;0.24414;0.23626;0.22860;0.22253;0.21710;0.21229;0.20711;0.20083;0.19386;0.18607;0.17879;0.17369;0.17036;0.16853;0.16637;0.16222;0.15654;0.15318;0.15328;0.15646;0.15837;0.15389;0.14853;0.14306;0.13620;0.13371;0.13512;0.13418;0.14277;0.14935
0.01850;0.08011;0.04540;0.01357;0.00269;-0.01163;-0.01333;0.02395;0.09461;0.17564;0.24899;0.30988;0.35504;0.38220;0.39751;0.41245;0.40195;0.39204;0.38411;0.37883;0.37215;0.36353;0.34718;0.33089;0.31318;0.29364;0.27735;0.26578;0.25679;0.24847;0.23912;0.22988;0.22233;0.21567;0.20959;0.20316;0.19628;0.18826;0.17981;0.17207;0.16651;0.16333;0.16150;0.15949;0.15510;0.15030;0.14794;0.15001;0.15482;0.15652;0.15190;0.14512;0.13913;0.13151;0.12779;0.12848;0.12580;0.13525;0.13711
0.03329;0.04803;0.03541;0.01770;-0.00836;-0.03016;-0.01942;0.01415;0.07888;0.16421;0.23756;0.29576;0.34053;0.36934;0.38573;0.40120;0.39326;0.38449;0.37726;0.37342;0.36801;0.36017;0.34497;0.33009;0.31336;0.29512;0.28023;0.26961;0.26170;0.25440;0.24595;0.23754;0.23102;0.22509;0.21937;0.21379;0.20702;0.19913;0.19104;0.18360;0.17754;0.17378;0.17185;0.16851;0.16387;0.15896;0.15403;0.15508;0.15932;0.15935;0.15579;0.14974;0.14175;0.13926;0.13069;0.13211;0.14009;0.12974;0.15619
0.01420;0.05077;0.03356;0.00560;-0.01852;-0.03360;-0.03160;0.00138;0.07043;0.15402;0.23007;0.29082;0.33749;0.36832;0.38484;0.40091;0.39315;0.38413;0.37714;0.37340;0.36787;0.36006;0.34518;0.33029;0.31370;0.29538;0.28051;0.26977;0.26184;0.25459;0.24624;0.23789;0.23156;0.22599;0.22048;0.21512;0.20884;0.20117;0.19346;0.18642;0.18051;0.17732;0.17569;0.17270;0.16850;0.16425;0.16014;0.16138;0.16430;0.16416;0.16115;0.15494;0.14656;0.14329;0.13871;0.13464;0.14195;0.13963;0.15454
0.03396;0.06375;0.04422;0.02533;-0.00833;-0.02274;-0.01270;0.01974;0.08703;0.16998;0.24191;0.30063;0.34486;0.37226;0.38665;0.40143;0.39173;0.38156;0.37383;0.36911;0.36254;0.35390;0.33808;0.32213;0.30508;0.28665;0.27113;0.26012;0.25179;0.24405;0.23513;0.22642;0.21944;0.21301;0.20724;0.20142;0.19451;0.18696;0.17900;0.17137;0.16630;0.16370;0.16203;0.16042;0.15644;0.15113;0.14879;0.15210;0.15593;0.15806;0.15451;0.14757;0.14130;0.13591;0.12853;0.13003;0.12900;0.13068;0.14911
-0.08960;0.03240;0.01473;-0.01473;-0.02919;-0.04075;-0.03941;0.00370;0.07845;0.16263;0.23801;0.29930;0.34394;0.37158;0.38679;0.40109;0.39143;0.38137;0.37315;0.36843;0.36201;0.35333;0.33727;0.32122;0.30410;0.28523;0.26952;0.25826;0.24970;0.24168;0.23275;0.22372;0.21663;0.21026;0.20417;0.19825;0.19160;0.18361;0.17543;0.16817;0.16265;0.15979;0.15864;0.15629;0.15247;0.14812;0.14519;0.14781;0.15335;0.15387;0.14968;0.14390;0.13473;0.12892;0.12335;0.11859;0.12217;0.11816;0.13186
-0.08735;0.01884;0.01065;-0.01469;-0.03388;-0.04747;-0.04348;-0.00542;0.06761;0.15324;0.22804;0.28779;0.33317;0.36081;0.37633;0.39144;0.38263;0.37382;0.36735;0.36338;0.35776;0.35073;0.33569;0.32058;0.30439;0.28647;0.27159;0.26121;0.25355;0.24641;0.23818;0.22996;0.22354;0.21760;0.21229;0.20668;0.19998;0.19268;0.18472;0.17714;0.17198;0.16858;0.16595;0.16389;0.15944;0.15394;0.15036;0.15102;0.15324;0.15452;0.14989;0.14253;0.14022;0.12949;0.12437;0.12266;0.11778;0.12541;0.13555
0.01716;0.06042;0.04713;0.01478;-0.00954;-0.01882;-0.01686;0.01593;0.08684;0.16968;0.24209;0.30233;0.34776;0.37512;0.39111;0.40663;0.39711;0.38747;0.38053;0.37572;0.36937;0.36153;0.34561;0.32980;0.31324;0.29487;0.27947;0.26863;0.26068;0.25300;0.24437;0.23594;0.22926;0.22326;0.21800;0.21244;0.20581;0.19870;0.19115;0.18383;0.17856;0.17607;0.17385;0.17205;0.16843;0.16313;0.16099;0.16313;0.16642;0.16820;0.16378;0.15639;0.15071;0.14417;0.13889;0.13955;0.13734;0.13916;0.15047
-0.04586;0.00855;0.02650;-0.00449;-0.03402;-0.03569;-0.02977;0.00366;0.08188;0.16867;0.24249;0.30415;0.35096;0.37783;0.39326;0.40962;0.39994;0.38975;0.38336;0.37893;0.37191;0.36427;0.34834;0.33137;0.31499;0.29675;0.28090;0.27001;0.26217;0.25395;0.24505;0.23670;0.22940;0.22273;0.21725;0.21086;0.20325;0.19578;0.18725;0.17854;0.17356;0.17007;0.16716;0.16589;0.16078;0.15337;0.15174;0.15285;0.15634;0.16154;0.15487;0.14657;0.14660;0.13045;0.12646;0.13348;0.10417;0.14426;0.13968
-0.07626;0.03275;0.01900;-0.01398;-0.03169;-0.03907;-0.03946;0.00112;0.07934;0.16210;0.23774;0.30026;0.34668;0.37523;0.39227;0.40829;0.39880;0.38956;0.38259;0.37794;0.37206;0.36437;0.34869;0.33313;0.31644;0.29797;0.28272;0.27211;0.26409;0.25656;0.24812;0.23966;0.23292;0.22695;0.22135;0.21538;0.20862;0.20107;0.19276;0.18533;0.17952;0.17579;0.17398;0.17154;0.16655;0.16140;0.15743;0.15826;0.16209;0.16379;0.15841;0.15309;0.14546;0.13811;0.13391;0.12910;0.13054;0.13384;0.14011
-0.06810;0.01633;0.01408;-0.01356;-0.03088;-0.03946;-0.03411;0.00562;0.07834;0.15891;0.23039;0.28931;0.33321;0.36053;0.37620;0.39144;0.38287;0.37394;0.36728;0.36333;0.35768;0.35033;0.33553;0.32041;0.30411;0.28641;0.27173;0.26128;0.25366;0.24666;0.23843;0.23032;0.22403;0.21822;0.21299;0.20741;0.20088;0.19346;0.18567;0.17819;0.17278;0.16911;0.16694;0.16432;0.15996;0.15422;0.15042;0.15090;0.15346;0.15461;0.15020;0.14280;0.13860;0.12875;0.12350;0.12522;0.12576;0.12800;0.13551
-0.00902;0.03747;0.02196;-0.00245;-0.02776;-0.04525;-0.04267;-0.01224;0.05144;0.12935;0.19969;0.25799;0.30275;0.33105;0.34768;0.36402;0.35601;0.34769;0.34176;0.33841;0.33352;0.32684;0.31245;0.29781;0.28220;0.26449;0.25024;0.24055;0.23361;0.22728;0.21987;0.21245;0.20683;0.20185;0.19720;0.19228;0.18647;0.17952;0.17201;0.16510;0.15975;0.15670;0.15478;0.15214;0.14832;0.14300;0.13865;0.13878;0.14183;0.14179;0.13840;0.13316;0.12603;0.12225;0.11744;0.11695;0.11922;0.12521;0.13659
-0.04435;0.01178;0.01172;-0.00691;-0.03596;-0.04727;-0.03584;0.00419;0.07403;0.15625;0.23121;0.28985;0.33487;0.36335;0.37894;0.39432;0.38551;0.37615;0.36860;0.36468;0.35864;0.35069;0.33537;0.32014;0.30356;0.28540;0.27056;0.25992;0.25205;0.24474;0.23638;0.22796;0.22140;0.21540;0.20969;0.20394;0.19719;0.18948;0.18138;0.17383;0.16783;0.16457;0.16261;0.15966;0.15544;0.15005;0.14529;0.14676;0.15068;0.15046;0.14755;0.14092;0.13288;0.12954;0.12136;0.11855;0.12538;0.11614;0.13415
-0.06007;0.02897;0.02971;-0.00665;-0.02413;-0.03493;-0.03219;0.00851;0.08444;0.16901;0.24523;0.30736;0.35329;0.38213;0.39857;0.41452;0.40521;0.39602;0.38861;0.38424;0.37829;0.37014;0.35418;0.33844;0.32140;0.30276;0.28745;0.27665;0.26840;0.26089;0.25221;0.24367;0.23686;0.23090;0.22511;0.21912;0.21239;0.20438;0.19606;0.18834;0.18220;0.17822;0.17610;0.17263;0.16798;0.16218;0.15744;0.15798;0.16192;0.16180;0.15749;0.15260;0.14373;0.13695;0.13479;0.12957;0.12944;0.13712;0.13561
-0.07109;0.03126;0.02746;-0.00324;-0.02369;-0.03287;-0.02848;0.01307;0.08919;0.17276;0.24668;0.30788;0.35364;0.38139;0.39757;0.41378;0.40425;0.39432;0.38726;0.38264;0.37612;0.36782;0.35191;0.33545;0.31847;0.29963;0.28367;0.27253;0.26421;0.25618;0.24732;0.23872;0.23175;0.22565;0.22023;0.21428;0.20757;0.20016;0.19206;0.18430;0.17903;0.17536;0.17326;0.17097;0.16626;0.16124;0.15869;0.15934;0.16250;0.16448;0.15888;0.15319;0.14810;0.13661;0.13430;0.13432;0.11995;0.14062;0.13969
0.03331;0.07132;0.04943;0.02538;-0.00037;-0.01573;-0.01025;0.02487;0.09434;0.17492;0.24836;0.30837;0.35424;0.38169;0.39781;0.41341;0.40383;0.39464;0.38773;0.38303;0.37694;0.36915;0.35371;0.33837;0.32207;0.30374;0.28865;0.27800;0.26987;0.26230;0.25367;0.24508;0.23825;0.23203;0.22627;0.22020;0.21322;0.20553;0.19723;0.18938;0.18353;0.17973;0.17705;0.17406;0.16966;0.16366;0.15948;0.15934;0.16183;0.16251;0.15883;0.15174;0.14571;0.14111;0.13609;0.13596;0.13546;0.13859;0.15128
0.01059;0.08737;0.07242;0.03583;0.01678;0.00833;0.00930;0.04358;0.10405;0.16780;0.22615;0.27480;0.31278;0.33770;0.35299;0.36956;0.36190;0.35332;0.34698;0.34341;0.33775;0.32985;0.31455;0.29951;0.28358;0.26562;0.25051;0.23979;0.23161;0.22392;0.21526;0.20652;0.19991;0.19389;0.18802;0.18211;0.17549;0.16776;0.16005;0.15263;0.14671;0.14291;0.14066;0.13744;0.13332;0.12784;0.12323;0.12303;0.12668;0.12700;0.12295;0.11630;0.11106;0.10559;0.10203;0.09856;0.10345;0.10520;0.11600
0.02403;0.02778;0.04086;0.01788;-0.01976;-0.03162;-0.02081;0.01034;0.07639;0.16164;0.23355;0.29183;0.33723;0.36445;0.37915;0.39468;0.38551;0.37522;0.36801;0.36406;0.35769;0.35009;0.33493;0.31912;0.30265;0.28457;0.26938;0.25858;0.25072;0.24314;0.23448;0.22626;0.21967;0.21359;0.20832;0.20300;0.19633;0.18922;0.18199;0.17433;0.16950;0.16670;0.16456;0.16263;0.15905;0.15326;0.15040;0.15236;0.15408;0.15534;0.15196;0.14390;0.13922;0.13366;0.12619;0.13139;0.12674;0.12906;0.15645
-0.08887;0.01045;-0.00049;-0.02227;-0.04013;-0.05474;-0.04772;-0.00552;0.06623;0.14986;0.22303;0.28305;0.32791;0.35539;0.37127;0.38698;0.37810;0.36891;0.36237;0.35839;0.35293;0.34570;0.33084;0.31573;0.29951;0.28140;0.26652;0.25613;0.24823;0.24106;0.23264;0.22432;0.21763;0.21167;0.20608;0.20029;0.19354;0.18587;0.17760;0.17010;0.16431;0.16053;0.15843;0.15557;0.15076;0.14546;0.14113;0.14146;0.14504;0.14530;0.14115;0.13508;0.12724;0.12019;0.11591;0.11040;0.11276;0.11438;0.12359
-0.09571;-0.00821;-0.00705;-0.02799;-0.04659;-0.05612;-0.04999;-0.00940;0.06578;0.14929;0.22400;0.28474;0.33062;0.35910;0.37549;0.39147;0.38283;0.37413;0.36760;0.36393;0.35876;0.35162;0.33688;0.32219;0.30629;0.28861;0.27407;0.26375;0.25622;0.24915;0.24089;0.23269;0.22617;0.22028;0.21482;0.20904;0.20241;0.19468;0.18666;0.17921;0.17376;0.17006;0.16794;0.16545;0.16084;0.15534;0.15154;0.15186;0.15565;0.15611;0.15175;0.14520;0.13751;0.13091;0.12504;0.12222;0.11772;0.12237;0.13038
-0.04964;0.03971;0.02165;-0.00261;-0.02184;-0.03360;-0.03008;0.01042;0.08337;0.16945;0.24406;0.30408;0.34899;0.37637;0.39133;0.40585;0.39563;0.38559;0.37784;0.37316;0.36642;0.35725;0.34082;0.32418;0.30632;0.28691;0.27085;0.25936;0.25076;0.24259;0.23353;0.22432;0.21729;0.21086;0.20498;0.19884;0.19214;0.18401;0.17589;0.16838;0.16287;0.16027;0.15891;0.15676;0.15282;0.14769;0.14473;0.14800;0.15270;0.15442;0.15023;0.14342;0.13565;0.13087;0.12517;0.12011;0.12513;0.11983;0.13185
-0.07892;0.04618;0.01734;-0.01496;-0.02300;-0.03634;-0.03773;0.00777;0.08313;0.16583;0.24105;0.30153;0.34635;0.37292;0.38803;0.40236;0.39256;0.38318;0.37630;0.37178;0.36527;0.35722;0.34107;0.32533;0.30887;0.29043;0.27516;0.26444;0.25621;0.24859;0.24009;0.23139;0.22439;0.21828;0.21239;0.20626;0.19946;0.19162;0.18322;0.17598;0.17035;0.16703;0.16582;0.16349;0.15867;0.15407;0.14960;0.15113;0.15717;0.15816;0.15299;0.14788;0.13833;0.13267;0.12980;0.12264;0.12342;0.13206;0.13122
-0.05307;0.03007;0.02354;-0.00872;-0.02725;-0.03480;-0.03214;0.00809;0.08424;0.16546;0.23938;0.30012;0.34481;0.37228;0.38852;0.40368;0.39412;0.38477;0.37760;0.37316;0.36735;0.35946;0.34378;0.32823;0.31139;0.29291;0.27759;0.26699;0.25889;0.25134;0.24281;0.23420;0.22730;0.22127;0.21555;0.20938;0.20249;0.19481;0.18632;0.17887;0.17307;0.16925;0.16772;0.16505;0.16025;0.15503;0.15115;0.15152;0.15608;0.15695;0.15227;0.14613;0.13862;0.13242;0.12958;0.12571;0.12410;0.13053;0.13767
0.02657;0.05045;0.04550;0.02478;-0.01175;-0.01867;-0.01533;0.01582;0.08668;0.17060;0.24518;0.30638;0.35234;0.38018;0.39569;0.41068;0.40098;0.39051;0.38311;0.37838;0.37185;0.36358;0.34775;0.33135;0.31424;0.29552;0.27969;0.26857;0.26026;0.25237;0.24333;0.23480;0.22775;0.22145;0.21590;0.20999;0.20322;0.19582;0.18782;0.18023;0.17489;0.17208;0.16991;0.16821;0.16417;0.15871;0.15694;0.15878;0.16209;0.16400;0.15988;0.15236;0.14831;0.14061;0.13574;0.13834;0.13183;0.14269;0.15317
-0.03008;0.01939;0.02875;0.00048;-0.03045;-0.03684;-0.02822;0.00745;0.08306;0.17137;0.24616;0.30633;0.35138;0.37828;0.39264;0.40694;0.39660;0.38635;0.37879;0.37439;0.36787;0.35963;0.34396;0.32769;0.31111;0.29265;0.27712;0.26612;0.25777;0.24987;0.24074;0.23169;0.22430;0.21737;0.21116;0.20471;0.19716;0.18913;0.18054;0.17270;0.16714;0.16426;0.16274;0.16085;0.15652;0.15036;0.14743;0.15002;0.15558;0.15924;0.15419;0.14694;0.14187;0.13266;0.12488;0.12804;0.11900;0.12689;0.14490
-0.06872;0.01872;0.01858;-0.01510;-0.03299;-0.04206;-0.04294;-0.00350;0.07149;0.15715;0.23240;0.29319;0.33751;0.36490;0.37996;0.39478;0.38527;0.37620;0.36936;0.36553;0.35993;0.35225;0.33710;0.32157;0.30509;0.28667;0.27156;0.26087;0.25274;0.24511;0.23639;0.22745;0.22029;0.21380;0.20765;0.20130;0.19410;0.18597;0.17753;0.16982;0.16411;0.16088;0.15948;0.15682;0.15252;0.14734;0.14316;0.14553;0.15101;0.15145;0.14871;0.14262;0.13499;0.12779;0.12380;0.11486;0.12007;0.12139;0.13392
-0.02544;0.02184;0.02107;0.00633;-0.01442;-0.03483;-0.02391;0.02012;0.09092;0.17807;0.25470;0.31592;0.36268;0.39218;0.40835;0.42379;0.41454;0.40454;0.39667;0.39194;0.38521;0.37623;0.35982;0.34369;0.32596;0.30656;0.29072;0.27936;0.27048;0.26248;0.25340;0.24417;0.23719;0.23086;0.22458;0.21842;0.21144;0.20328;0.19489;0.18729;0.18091;0.17738;0.17558;0.17225;0.16784;0.16259;0.15761;0.15927;0.16348;0.16336;0.16086;0.15399;0.14206;0.14225;0.13450;0.12724;0.13869;0.12357;0.13672
-0.07365;0.02491;0.03119;-0.00613;-0.02218;-0.02579;-0.02719;0.01562;0.09067;0.17124;0.24364;0.30544;0.35141;0.37882;0.39555;0.41213;0.40190;0.39226;0.38584;0.38084;0.37403;0.36642;0.35049;0.33425;0.31783;0.29938;0.28350;0.27272;0.26490;0.25706;0.24840;0.24018;0.23339;0.22734;0.22222;0.21628;0.20934;0.20242;0.19412;0.18638;0.18151;0.17759;0.17516;0.17319;0.16851;0.16249;0.15938;0.15926;0.16244;0.16506;0.15928;0.15163;0.14782;0.13620;0.13303;0.13444;0.11776;0.13904;0.13121
